DROP DATABASE if exists bdd_medicplant;
CREATE DATABASE bdd_medicplant;



CREATE TABLE `Corps` (
  `idCorps` int(11) NOT NULL,
  `NomPartie` varchar(250) NOT NULL
) ENGINE=InnoDB DEFAULT CHARSET=latin1;

CREATE TABLE `Symptome` (
  `idSymptome` int(11) NOT NULL,
  `nomSymptome` varchar(250) NOT NULL,
  `id_Corps` int(11) NOT NULL
) ENGINE=InnoDB DEFAULT CHARSET=latin1;

CREATE TABLE `Plante` (
  `idPlante` int(11) NOT NULL,
  `Nom` varchar(250) NOT NULL,
  `Description` varchar(250) NOT NULL,
  `Bienfait` text NOT NULL,
  `Photo` varchar(250) NOT NULL,
  `Posologie` text NOT NULL,
  `Avertissement` text NOT NULL,
  `id_Symptome` int(11) NOT NULL
) ENGINE=InnoDB DEFAULT CHARSET=latin1;


INSERT INTO `Corps` (`idCorps`, `NomPartie`) VALUES
(1, 'Tete'),
(2, 'Articulation'),
(4, 'Ventre'),
(5, 'Sexe'),
(6, 'Pieds'),
(7, 'Mains'),
(8, 'Torax'),
(9, 'Peau'),
(10, 'Muscles'),
(13, 'Sang');


INSERT INTO `Symptome` (`idSymptome`, `nomSymptome`, `id_Corps`) VALUES
(1, 'Migraine', 1),
(3, 'Douleur Articulaire', 2),
(7, 'Nausée', 4),
(8, 'Ballonnement', 4),
(11, 'Impuissance', 5),
(12, 'Furoncle', 6),
(15, 'Inflammation de la peau', 9),
(16, 'Cicatrisation', 9),
(21, 'Spasm Musculaire', 10),
(22, 'Courbature Musculaire', 10),
(23, 'Infection urinaire', 5),
(24, 'Stress', 1),
(28, 'Fatigue', 1),
(29, 'Fièvre', 1),
(31, 'Ulcère cunaté', 9),
(34, 'Indigestion', 4),
(35, 'Gastro intestinal', 4),
(38, 'Problème respiratoire', 8),
(39, 'Verrue', 9),
(42, 'Arthrite ', 7),
(43, 'Insomnie', 1),
(45, 'Diabète', 13),
(46, 'Douleur Menstruelle', 5),
(50, 'Cholestérol', 13),
(53, 'Brulure d\'estomac', 4),
(55, 'Rhumatisme', 10),
(56, 'Diarrhée', 4),
(57, 'Eczéma', 9),
(58, 'Cardiovasculaire', 8),
(60, 'Brulure', 9);



INSERT INTO `Plante` (`idPlante`, `Nom`, `Description`, `Bienfait`, `Photo`, `Posologie`, `Avertissement`, `id_Symptome`) VALUES
(1, 'Absinthe', 'L\'absinthe est une plante utilisée principalement pour lutter contre les maux d\'estomac. En infusion, elle aide aussi à traiter la fatigue ou certains troubles comme le mal de mer. Tonique et apéritive, l\'absinthe est aussi un vermifuge. Les propriét', 'INDICATIONS THÉRAPEUTIQUES USUELLES\r\n\r\nParasites comme les vers intestinaux ou le ténia ; problèmes digestifs non fonctionnels ; nausées et vomissements ; mal des transports ; fatigue ou convalescence. \r\n\r\nAUTRES INDICATIONS THÉRAPEUTIQUES DÉMONTRÉES\r\n\r\nApéritive, l\'absinthe est un stimulant de l\'appétit. Elle peut être utile pour traiter une fièvre, une grippe ou toute autre affection virale. En collyre, elle fortifie les yeux.\r\n', 'absinthe.jpg', 'UTILISATION INTERNE\r\n\r\n•	Tonifiante : prise en infusion, l\'absinthe est utilisée pour lutter contre la fatigue ou dans le cadre d\'une convalescence. \r\n•	Antinauséeuse : elle apaise les nausées ainsi que le mal de mer (ou le mal des transports). \r\n•	Antiparasitaire : cette plante peut être absorbée en cas de vers intestinaux (ascaris ou oxyures). \r\n•	Stomachique : elle diminue les troubles digestifs, les ballonnements et les flatulences. \r\n\r\nUTILISATION EXTERNE\r\n\r\nAntiseptique : en décoction, l\'absinthe sera appliquée avec une compresse sur une plaie ou une piqûre d\'insecte. Elle s\'utilise également en cataplasmes chauds. \r\n', 'Attention en cas de problème respiratoire et stomatic', 1),
(2, 'Bleuet', 'Le bleuet est utilisé depuis fort longtemps, en phytothérapie, pour lutter contre les irritations des yeux et des paupières ou les conjonctivites et, plus généralement, pour apaiser de nombreuses inflammations de la peau et des muqueuses. Il est égal', 'UTILISATION INTERNE\r\n\r\nDiurétique. Stimulant du métabolisme digestif. Cholagogue léger. Expectorant. Anti-inflammatoire, décongestionnant des bronches. \r\n\r\nUTILISATION EXTERNE\r\n\r\nCalmant ophtalmique. \r\n\r\nINDICATIONS THÉRAPEUTIQUES USUELLES\r\n\r\nDiurétique (accentue la diurèse). Stimulant du métabolisme. Favorise la digestion et traite les troubles gastriques. Renforce l\'activité du foie et la résistance aux infections. Laxatif léger chez l\'enfant. Traitement des plaies et des affections ulcéreuses. Irritation des yeux et des paupières, conjonctivite. \r\n\r\nAUTRES INDICATIONS THÉRAPEUTIQUES DÉMONTRÉES\r\n\r\nTraitement des inflammations de la peau et des muqueuses. Atténue les douleurs rhumatismales.\r\n\r\nUtilisation et posologie du bleuet\r\n', 'bleuet.jpg', 'DOSAGE\r\n\r\nLe bleuet est souvent utilisé dans des préparations conditionnées et standardisées, généralement sous forme d\' eau de bleuet ou d\'infusions. \r\n\r\nDes préparations faites maison sont réalisables. \r\n\r\n- En décoction ou en collyre : pour le traitement des irritations des yeux et des paupières, des conjonctivites (d\'où son nom de \"casse-lunettes\") et pour lutter contre les inflammations de la peau et des muqueuses. Faire bouillir à feu doux, pendant 5 minutes, 20 à 40 g par litre de capitules entiers. Cette décoction peut également être utilisée en gargarismes, lors d\'affections de la gorge ou d\'enrouements. Une autre préparation consiste à porter à ébullition 10 g de fleurs de bleuet dans 250 ml d\'eau, puis à laisser infuser 15 minutes. Cette décoction s\'utilise tiède, en compresses ou en bains d\'yeux, trois fois par jour, jusqu\'à guérison complète. \r\n- En tisane ou infusion : pour favoriser la digestion. Mettre 3 à 4 g de fleurs séchées dans une tasse d\'eau bouillante. Consommer deux tasses par jour, pour lutter contre les rhumes tenaces, les bronchites ou en cas d\' inflammation. A prendre après les repas, comme dépuratif ou comme diurétique, pour lutter contre les troubles gastriques. \r\n- En bains : pour soulager et traiter les plaies ulcéreuses. \r\n- En bière : les feuilles sont utilisées pour soulager les douleurs rhumatismales. Faire macérer, durant huit à quinze jours, 25 g de fleurs dans un litre de bière. Boire un verre avant les repas, en cas de crise. Cette préparation est utilisée contre la goutte, les coliques néphrétiques ou la rétention d\'urine. \r\n- En lotion pour raffermir, tonifier et rafraîchir l\'épiderme : 1/3 d\'eau distillée de bleuet, 1/3 d\'eau distillée de rose, 1/3 d\'eau distillée d\' hamamélis . \r\n- En poudre : les graines servent de laxatif léger chez l\'enfant. 2 g de graines de bleuet en poudre, dans une cuillère à soupe de miel. A prendre le matin, à jeun, pour un effet laxatif. En cas d\' ictère, prendre 4 g de graines en poudre, mélangés à du miel, une fois par jour pendant quatre jours.\r\n', 'CONTRE-INDICATIONS\r\n\r\nPas de contre-indication connue. \r\n\r\nEFFETS INDÉSIRABLES\r\n\r\nPas d\'effet indésirable connu. \r\n', 34),
(3, 'Coquelicot', 'Plante sédative, pectorale et adoucissante, le coquelicot est utilisé pour lutter contre les troubles du sommeil, notamment chez l\'enfant, mais aussi pour traiter les affections bronchiques, la toux et l\'enrouement. Son usage est exclusivement intern', 'UTILISATION INTERNE\r\n\r\nSédatif, le coquelicot a des vertus apaisantes permettant de trouver le sommeil et de lutter contre les insomnies, notamment chez les enfants de plus de 7 ans. Antitussive, antiseptique et apaisante, cette plante favorise l\'expectoration et présente des propriétés antispasmodiques. Elle participe donc au traitement des bronchites, de la coqueluche, de la toux, de l\'enrouement et des maux de ventre. \r\n\r\nUTILISATION EXTERNE\r\n\r\nPas d\'usage externe.\r\n\r\nINDICATIONS THÉRAPEUTIQUES USUELLES\r\n\r\nInsomnies ; difficultés d\'endormissement ; affections des voies respiratoires, comme la toux et la bronchite (propriétés antitussives du mucilage). \r\n\r\nAUTRES INDICATIONS THÉRAPEUTIQUES DÉMONTRÉES\r\n\r\nFièvre modérée (le coquelicot augmente la sécrétion sudorale), angines, abcès dentaires (les anthocyanosides contenus dans les pétales sont antiseptiques).\r\nUtilisation et posologie du coquelicot\r\n', 'coquelicot.jpg', 'DOSAGES\r\n\r\nEn infusion, faire bouillir 20 g de pétales séchés (ou de 6 à 8 pétales) dans 1 l d\'eau. \r\nEn sirop, laisser infuser, pendant six heures, 65 g de pétales dans 1 l d\'eau, puis filtrer et ajouter 180 g de sucre pour 100 ml de liquide. \r\nEn décoction, laisser macérer de 8 à 10 capsules séchées dans 1 l d\'eau. Les enfants peuvent boire cette préparation mélangée à du lait chaud. \r\n\r\n\r\nPrécautions d\'emploi du coquelicot :\r\nCertaines personnes peuvent présenter une sensibilité au coquelicot. Il est donc préférable de commencer un traitement par la dose minime d\'1 cuillère à café de sirop. \r\n', 'CONTRE-INDICATIONS\r\n\r\nLe coquelicot est contre-indiqué durant la grossesse et l\'allaitement, ainsi que chez les enfants de moins de 7 ans. \r\n\r\nEFFETS INDÉSIRABLES\r\n\r\nA de trop fortes doses, le coquelicot peut provoquer des effets secondaires importants, tels que de la somnolence ou des hallucinations. \r\n\r\nINTERACTIONS AVEC DES PLANTES MÉDICINALES OU DES COMPLÉMENTS\r\n\r\nIl convient de ne pas utiliser le coquelicot avec d\'autres plantes sédatives. En cas d\'affections respiratoires, il peut être associé à du bouillon blanc ou à de la racine de réglisse . \r\n\r\nINTERACTIONS AVEC DES MÉDICAMENTS\r\n\r\nIl est prudent de ne pas combiner le coquelicot avec des somnifères ou des anxiolytiques et, d\'une manière générale, avec tous les médicaments favorisant le sommeil.\r\n', 29),
(4, 'Coquelicot', 'Plante sédative, pectorale et adoucissante, le coquelicot est utilisé pour lutter contre les troubles du sommeil, notamment chez l\'enfant, mais aussi pour traiter les affections bronchiques, la toux et l\'enrouement. Son usage est exclusivement intern', 'UTILISATION INTERNE\r\n\r\nSédatif, le coquelicot a des vertus apaisantes permettant de trouver le sommeil et de lutter contre les insomnies, notamment chez les enfants de plus de 7 ans. Antitussive, antiseptique et apaisante, cette plante favorise l\'expectoration et présente des propriétés antispasmodiques. Elle participe donc au traitement des bronchites, de la coqueluche, de la toux, de l\'enrouement et des maux de ventre. \r\n\r\nUTILISATION EXTERNE\r\n\r\nPas d\'usage externe.\r\n\r\nINDICATIONS THÉRAPEUTIQUES USUELLES\r\n\r\nInsomnies ; difficultés d\'endormissement ; affections des voies respiratoires, comme la toux et la bronchite (propriétés antitussives du mucilage). \r\n\r\nAUTRES INDICATIONS THÉRAPEUTIQUES DÉMONTRÉES\r\n\r\nFièvre modérée (le coquelicot augmente la sécrétion sudorale), angines, abcès dentaires (les anthocyanosides contenus dans les pétales sont antiseptiques).\r\nUtilisation et posologie du coquelicot\r\n', 'coquelicot.jpg', 'DOSAGES\r\n\r\nEn infusion, faire bouillir 20 g de pétales séchés (ou de 6 à 8 pétales) dans 1 l d\'eau. \r\nEn sirop, laisser infuser, pendant six heures, 65 g de pétales dans 1 l d\'eau, puis filtrer et ajouter 180 g de sucre pour 100 ml de liquide. \r\nEn décoction, laisser macérer de 8 à 10 capsules séchées dans 1 l d\'eau. Les enfants peuvent boire cette préparation mélangée à du lait chaud. \r\n\r\n\r\nPrécautions d\'emploi du coquelicot :\r\nCertaines personnes peuvent présenter une sensibilité au coquelicot. Il est donc préférable de commencer un traitement par la dose minime d\'1 cuillère à café de sirop. \r\n', 'CONTRE-INDICATIONS\r\n\r\nLe coquelicot est contre-indiqué durant la grossesse et l\'allaitement, ainsi que chez les enfants de moins de 7 ans. \r\n\r\nEFFETS INDÉSIRABLES\r\n\r\nA de trop fortes doses, le coquelicot peut provoquer des effets secondaires importants, tels que de la somnolence ou des hallucinations. \r\n\r\nINTERACTIONS AVEC DES PLANTES MÉDICINALES OU DES COMPLÉMENTS\r\n\r\nIl convient de ne pas utiliser le coquelicot avec d\'autres plantes sédatives. En cas d\'affections respiratoires, il peut être associé à du bouillon blanc ou à de la racine de réglisse . \r\n\r\nINTERACTIONS AVEC DES MÉDICAMENTS\r\n\r\nIl est prudent de ne pas combiner le coquelicot avec des somnifères ou des anxiolytiques et, d\'une manière générale, avec tous les médicaments favorisant le sommeil.\r\n', 43),
(5, 'Coquelicot', 'Plante sédative, pectorale et adoucissante, le coquelicot est utilisé pour lutter contre les troubles du sommeil, notamment chez l\'enfant, mais aussi pour traiter les affections bronchiques, la toux et l\'enrouement. Son usage est exclusivement intern', 'UTILISATION INTERNE\r\n\r\nSédatif, le coquelicot a des vertus apaisantes permettant de trouver le sommeil et de lutter contre les insomnies, notamment chez les enfants de plus de 7 ans. Antitussive, antiseptique et apaisante, cette plante favorise l\'expectoration et présente des propriétés antispasmodiques. Elle participe donc au traitement des bronchites, de la coqueluche, de la toux, de l\'enrouement et des maux de ventre. \r\n\r\nUTILISATION EXTERNE\r\n\r\nPas d\'usage externe.\r\n\r\nINDICATIONS THÉRAPEUTIQUES USUELLES\r\n\r\nInsomnies ; difficultés d\'endormissement ; affections des voies respiratoires, comme la toux et la bronchite (propriétés antitussives du mucilage). \r\n\r\nAUTRES INDICATIONS THÉRAPEUTIQUES DÉMONTRÉES\r\n\r\nFièvre modérée (le coquelicot augmente la sécrétion sudorale), angines, abcès dentaires (les anthocyanosides contenus dans les pétales sont antiseptiques).\r\nUtilisation et posologie du coquelicot\r\n', 'coquelicot.jpg', 'DOSAGES\r\n\r\nEn infusion, faire bouillir 20 g de pétales séchés (ou de 6 à 8 pétales) dans 1 l d\'eau. \r\nEn sirop, laisser infuser, pendant six heures, 65 g de pétales dans 1 l d\'eau, puis filtrer et ajouter 180 g de sucre pour 100 ml de liquide. \r\nEn décoction, laisser macérer de 8 à 10 capsules séchées dans 1 l d\'eau. Les enfants peuvent boire cette préparation mélangée à du lait chaud. \r\n\r\n\r\nPrécautions d\'emploi du coquelicot :\r\nCertaines personnes peuvent présenter une sensibilité au coquelicot. Il est donc préférable de commencer un traitement par la dose minime d\'1 cuillère à café de sirop. \r\n', 'CONTRE-INDICATIONS\r\n\r\nLe coquelicot est contre-indiqué durant la grossesse et l\'allaitement, ainsi que chez les enfants de moins de 7 ans. \r\n\r\nEFFETS INDÉSIRABLES\r\n\r\nA de trop fortes doses, le coquelicot peut provoquer des effets secondaires importants, tels que de la somnolence ou des hallucinations. \r\n\r\nINTERACTIONS AVEC DES PLANTES MÉDICINALES OU DES COMPLÉMENTS\r\n\r\nIl convient de ne pas utiliser le coquelicot avec d\'autres plantes sédatives. En cas d\'affections respiratoires, il peut être associé à du bouillon blanc ou à de la racine de réglisse . \r\n\r\nINTERACTIONS AVEC DES MÉDICAMENTS\r\n\r\nIl est prudent de ne pas combiner le coquelicot avec des somnifères ou des anxiolytiques et, d\'une manière générale, avec tous les médicaments favorisant le sommeil.\r\n', 38),
(6, 'Fenouil', 'Le fenouil commun est utilisé depuis l\'Antiquité pour ses nombreuses vertus médicinales. Il est apprécié pour lutter contre l\'aérophagie, les digestions difficiles ou les maux de ventre des nourrissons, mais c\'est aussi un expectorant et un décontrac', 'UTILISATION EXTERNE\r\n\r\nAffections oculaires. Gargarismes.\r\n\r\nPrécautions d\'emploi du fenouil :\r\n\r\nLe fenouil, consommé à haute dose, peut entraîner des convulsions et une grande fatigue.\r\n\r\nUtilisation et posologie du fenouil\r\nINDICATIONS THÉRAPEUTIQUES USUELLES\r\n\r\nTroubles digestifs (nausées, vomissements, ballonnements, gaz, douleurs intestinales), infection, rhume, grippe, toux, mal de gorge, fièvre, fatigue, manque d\'énergie, douleur musculaire et articulaire, blessure.\r\n', 'fenouil.jpg', 'DOSAGE\r\n\r\n- En infusion : pour lutter contre les coliques infantiles. Pour les enfants de plus de 3 mois et un traitement inférieur à une semaine. Faire infuser des fruits séchés, selon le dosage suivant : de 3 mois à 1 an : de 1 à 2 g de fruits séchés par jour ; de 1 à 4 ans : de 1,5 à 3 g de fruits séchés par jour ; de quatre à douze ans : de 3 à 5 g de fruits séchés par jour ; après 12 ans : de 5 à 7 g de fruits séchés par jour.\r\n- Pour les maux de ventre du nourrisson, la mère qui allaite peut consommer des infusions de fenouil. \r\n- Pour lutter contre les troubles digestifs et l\'inflammation des voies respiratoires : faire infuser, pendant 5 à 10 minutes, de 1 à 3 g de graines séchées et broyées, dans 150 ml d\'eau bouillante. Boire 2 ou 3 tasses par jour entre les repas. Pour atténuer les troubles intestinaux, croquer une petite cuillère de fruits de fenouil, après le repas. \r\n- En extrait liquide (troubles digestifs et inflammations des voies respiratoires) : de 1 à 3 ml (soit 1/4 à 3/4 d\'une cuillerée à café), 2 ou 3 fois par jour, entre les repas. \r\n- En teinture : de 5 à 15 ml, 2 ou 3 fois par jour, entre les repas. \r\n- Huile essentielle : de 0,1 à 0,6 ml par jour, entre les repas. Pour stimuler l\'appétit : de 0,1 à 0,6 ml dans du miel, 10 minutes avant les deux repas principaux. L\'huile essentielle de fenouil favorise la lactation. \r\n- Sirop et miel de fenouil à 0,05% d\'huile essentielle : 5 ou 6 gouttes, 2 ou 3 fois par jour, entre les repas. Pour les enfants de 1 à 4 ans : 2 g, 2 ou 3 fois par jour. Pour les enfants de 4 à 10 ans, 3 g, 2 ou 3 fois par jour.\r\n', 'CONTRE-INDICATIONS\r\n\r\nOn déconseille la consommation de gingembre avant une opération à cause de ses propriétés anticoagulantes. Il n\'est pas expressément contre-indiqué aux femmes enceintes, mais il leur est recommandé de ne pas le consommer sur une trop longue période. \r\n', 8),
(8, 'Fenouil', 'Le fenouil commun est utilisé depuis l\'Antiquité pour ses nombreuses vertus médicinales. Il est apprécié pour lutter contre l\'aérophagie, les digestions difficiles ou les maux de ventre des nourrissons, mais c\'est aussi un expectorant et un décontrac', 'UTILISATION EXTERNE\r\n\r\nAffections oculaires. Gargarismes.\r\n\r\nPrécautions d\'emploi du fenouil :\r\n\r\nLe fenouil, consommé à haute dose, peut entraîner des convulsions et une grande fatigue.\r\n\r\nUtilisation et posologie du fenouil\r\nINDICATIONS THÉRAPEUTIQUES USUELLES\r\n\r\nTroubles digestifs (nausées, vomissements, ballonnements, gaz, douleurs intestinales), infection, rhume, grippe, toux, mal de gorge, fièvre, fatigue, manque d\'énergie, douleur musculaire et articulaire, blessure.\r\n', 'fenouil.jpg', 'DOSAGE\r\n\r\n- En infusion : pour lutter contre les coliques infantiles. Pour les enfants de plus de 3 mois et un traitement inférieur à une semaine. Faire infuser des fruits séchés, selon le dosage suivant : de 3 mois à 1 an : de 1 à 2 g de fruits séchés par jour ; de 1 à 4 ans : de 1,5 à 3 g de fruits séchés par jour ; de quatre à douze ans : de 3 à 5 g de fruits séchés par jour ; après 12 ans : de 5 à 7 g de fruits séchés par jour.\r\n- Pour les maux de ventre du nourrisson, la mère qui allaite peut consommer des infusions de fenouil. \r\n- Pour lutter contre les troubles digestifs et l\'inflammation des voies respiratoires : faire infuser, pendant 5 à 10 minutes, de 1 à 3 g de graines séchées et broyées, dans 150 ml d\'eau bouillante. Boire 2 ou 3 tasses par jour entre les repas. Pour atténuer les troubles intestinaux, croquer une petite cuillère de fruits de fenouil, après le repas. \r\n- En extrait liquide (troubles digestifs et inflammations des voies respiratoires) : de 1 à 3 ml (soit 1/4 à 3/4 d\'une cuillerée à café), 2 ou 3 fois par jour, entre les repas. \r\n- En teinture : de 5 à 15 ml, 2 ou 3 fois par jour, entre les repas. \r\n- Huile essentielle : de 0,1 à 0,6 ml par jour, entre les repas. Pour stimuler l\'appétit : de 0,1 à 0,6 ml dans du miel, 10 minutes avant les deux repas principaux. L\'huile essentielle de fenouil favorise la lactation. \r\n- Sirop et miel de fenouil à 0,05% d\'huile essentielle : 5 ou 6 gouttes, 2 ou 3 fois par jour, entre les repas. Pour les enfants de 1 à 4 ans : 2 g, 2 ou 3 fois par jour. Pour les enfants de 4 à 10 ans, 3 g, 2 ou 3 fois par jour.\r\n', 'CONTRE-INDICATIONS\r\n\r\nOn déconseille la consommation de gingembre avant une opération à cause de ses propriétés anticoagulantes. Il n\'est pas expressément contre-indiqué aux femmes enceintes, mais il leur est recommandé de ne pas le consommer sur une trop longue période. \r\n', 34),
(9, 'Droséra', 'Le droséra est une plante carnivore qui était utilisée par les sorciers et les alchimistes du Moyen Age. Il offre des propriétés antiseptiques, antispasmodiques, béchiques et fébrifuges. Son usage est recommandé en cas de toux sèche.', 'AUTRES INDICATIONS THÉRAPEUTIQUES DÉMONTRÉES\r\n\r\nSi son suc frais permet de traiter les verrues, le droséra est, en France, une plante protégée, qu\'il est interdit de cueillir. Il est donc recommandé d\'utiliser des préparations pharmaceutiques standardisées.\r\n', 'drosera.jpg', 'UTILISATION INTERNE\r\n\r\nLe droséra est un antitussif, un antiseptique, un antispasmodique, un béchique et un fébrifuge. \r\n\r\nUTILISATION EXTERNE\r\n\r\nEn usage externe, le droséra permet de traiter les verrues. \r\n\r\nINDICATIONS THÉRAPEUTIQUES USUELLES\r\n\r\nLe droséra est recommandé en cas de toux sèches ou irritatives, d\'asthme, de coqueluche ou d\'enrouements.\r\n', 'Il y en pas', 39),
(10, 'Hibiscus', 'L\'hibiscus est un antiseptique urinaire et un diurétique. Les fleurs remédient aux douleurs menstruelles. La racine est utilisée pour calmer la toux et dégager les voies respiratoires. L\'hibiscus est recommandé pour lutter contre l\' hypertension et l', 'UTILISATION INTERNE\r\n\r\nL\'hibiscus permet de préparer une boisson rafraîchissante ; c\'est également un laxatif doux. Il est antibactérien, anti-inflammatoire et antalgique. C\'est un cholagogue, un diurétique et un relaxant des muscles utérins. Il est également hypotenseur, spasmolytique et hypocholestérolémiant.\r\n\r\nUTILISATION EXTERNE\r\nL\'hibiscus est antiphlogistique et antioedémateux.\r\n\r\nINDICATIONS THÉRAPEUTIQUES USUELLES\r\n\r\nL\'hibiscus soigne les refroidissements et les inflammations des voies respiratoires supérieures. Il permet de traiter les infections urinaires et les douleurs menstruelles. Il agit contre l\'hypertension, le cholestérol, la fièvre et les douleurs d\'estomac.\r\n', 'hibiscus.jpg', 'Pas d\'infos', 'Pas d\'infos', 23),
(11, 'Jasmin', 'Le jasmin officinal est une plante aux fleurs parfumées qui sont utilisées pour la préparation de tisanes. Le jasmin a des propriétés calmantes et sédatives. C\'est également un antidépresseur, un spasmolytique et un antiseptique.', 'UTILISATION INTERNE\r\n\r\nLe jasmin est un sédatif, un antidépresseur, un spasmolytique, un antiseptique. \r\n\r\nUTILISATION EXTERNE\r\n\r\nPropriétés calmantes, apaisantes.\r\n\r\nINDICATIONS THÉRAPEUTIQUES USUELLES\r\n\r\nLe jasmin blanc est traditionnellement utilisé pour restaurer l\'équilibre des énergies dans le traitement de la gale et du zona. Il est apprécié pour ses vertus relaxantes et sédatives. Une tisane ou un thé de jasmin officinal permet d\'apaiser les tensions et de calmer les nerfs. Cette préparation est recommandée en cas d\'insomnie, en particulier lors de troubles de l\'endormissement. Le jasmin soigne la toux spasmodique. \r\n\r\nAUTRES INDICATIONS THÉRAPEUTIQUES DÉMONTRÉES\r\n\r\nL\'huile essentielle de jasmin aide à désinfecter les plaies. En massage, elle soulage les crampes (y compris les crampes intestinales).\r\n', 'jasmin.jpg', 'Pas d\'infos', 'Pas d\'infos', 43),
(12, 'Gingembre', 'Le gingembre est connu dans de nombreux pays du monde pour sa valeur culinaire, mais aussi pour ses vertus thérapeutiques, depuis plus de 5 000 ans. Il peut être utilisé pour combattre les infections, la fatigue, les douleurs musculaires et, surtout,', 'UTILISATION INTERNE\r\nStimule le système immunitaire. \r\nAnti-inflammatoire et antiviral : aide à lutter contre la fièvre, les états grippaux et les allergies. \r\nSoulage la douleur (migraines, règles, spasmes digestifs, troubles gastriques). \r\nStimule l\'appétit et agit sur les désordres intestinaux de type nausées, ballonnements, gaz, douleurs. \r\nPrévient les vomissements post-opératoires ou dus au mal des transportsou lors d\'une grossesse. \r\nTonifie, stimule et fortifie l\'organisme. \r\nFortes propriétés antioxydantes. \r\nUTILISATION EXTERNE\r\nSoulage les douleurs rhumatismales, musculaires et articulaires en cas d\'arthrite, d\'entorse, de fracture, de tendinite, de sciatique. \r\nINDICATIONS THÉRAPEUTIQUES USUELLES\r\nTroubles digestifs (nausées, vomissements, ballonnements, gaz, douleurs intestinales), infection, rhume, grippe, toux, mal de gorge, fièvre, fatigue, manque d\'énergie, douleur musculaire et articulaire, blessure. \r\nAUTRES INDICATIONS THÉRAPEUTIQUES DÉMONTRÉES\r\nPrévention de certains cancers (côlon, intestin, ovaire), de maladies cardio-vasculaires, de la maladie d\'Alzheimer et protection des cellules du corps contre le vieillissement. Son principal composé actif est le gingérol qui possède des propriétés anti-inflammatoires et antioxydantes.\r\nUtilisation et posologie du gingembre', 'gingembre.jpg', 'DOSAGE\r\nLe gingembre peut être consommé quotidiennement, et même plusieurs fois dans la journée, sous différentes formes : tisane, boisson, frais râpé... Pour bénéficier des effets du gingembre, il faut en consommer au minimum 500 mg par jour. \r\nLe gingembre s\'utilise de diverses façons. \r\n- En usage interne, il se prend en poudre, de 500 à 1000 mg par jour, en teinture avant les repas (10 à 20 gouttes), en infusion avec 150 ml d\'eau chaude pour 1 g de gingembre 3 fois par jour. On peut le consommer frais en tranches ou râpé, sachant que 10 g de gingembre frais correspondent à 1 à 2 g de gingembre séché. Les doses sont adaptées à l\'usage que l\'on souhaite en faire : nausées de grossesse, post-opératoires, mal des transports, douleurs... \r\n- En usage externe, on peut se frictionner avec l\'huile essentielle de gingembre ou la teinture mère, directement sur la partie à traiter, ou bien soigner les maux de gorge en se gargarisant avec une cuillère à café de teinture diluée dans de l\'eau tiède. Une technique chinoise consiste à appliquer des cataplasmes infusés avec du gingembre sur les articulations douloureuses. \r\nPrécautions d\'emploi du gingembre\r\nLe gingembre peut être consommé par tous et à n\'importe quel moment de la journée puisqu\'il ne provoque pas de somnolence. Si l\'on respecte les dosages thérapeutiques, il n\'y a pas de précautions d\'emploi particulières à suivre. ', 'CONTRE-INDICATIONS\r\nOn déconseille la consommation de gingembre avant une opération à cause de ses propriétés anticoagulantes. Il n\'est pas expressément contre-indiqué aux femmes enceintes, mais il leur est recommandé de ne pas le consommer sur une trop longue période. \r\nEFFETS INDÉSIRABLES\r\nÀ haute dose, l\'huile essentielle peut provoquer des irritations et des allergies de peau. En cas d\'ingestion excessive, il peut déclencher des maux de ventre. La prise de gingembre ne doit pas dépasser 1,5 g par jour pour éviter ces désagréments.\r\n', 7),
(13, 'Gingembre', 'Le gingembre est connu dans de nombreux pays du monde pour sa valeur culinaire, mais aussi pour ses vertus thérapeutiques, depuis plus de 5 000 ans. Il peut être utilisé pour combattre les infections, la fatigue, les douleurs musculaires et, surtout,', 'UTILISATION INTERNE\r\nStimule le système immunitaire. \r\nAnti-inflammatoire et antiviral : aide à lutter contre la fièvre, les états grippaux et les allergies. \r\nSoulage la douleur (migraines, règles, spasmes digestifs, troubles gastriques). \r\nStimule l\'appétit et agit sur les désordres intestinaux de type nausées, ballonnements, gaz, douleurs. \r\nPrévient les vomissements post-opératoires ou dus au mal des transportsou lors d\'une grossesse. \r\nTonifie, stimule et fortifie l\'organisme. \r\nFortes propriétés antioxydantes. \r\nUTILISATION EXTERNE\r\nSoulage les douleurs rhumatismales, musculaires et articulaires en cas d\'arthrite, d\'entorse, de fracture, de tendinite, de sciatique. \r\nINDICATIONS THÉRAPEUTIQUES USUELLES\r\nTroubles digestifs (nausées, vomissements, ballonnements, gaz, douleurs intestinales), infection, rhume, grippe, toux, mal de gorge, fièvre, fatigue, manque d\'énergie, douleur musculaire et articulaire, blessure. \r\nAUTRES INDICATIONS THÉRAPEUTIQUES DÉMONTRÉES\r\nPrévention de certains cancers (côlon, intestin, ovaire), de maladies cardio-vasculaires, de la maladie d\'Alzheimer et protection des cellules du corps contre le vieillissement. Son principal composé actif est le gingérol qui possède des propriétés anti-inflammatoires et antioxydantes.\r\nUtilisation et posologie du gingembre', 'gingembre.jpg', 'DOSAGE\r\nLe gingembre peut être consommé quotidiennement, et même plusieurs fois dans la journée, sous différentes formes : tisane, boisson, frais râpé... Pour bénéficier des effets du gingembre, il faut en consommer au minimum 500 mg par jour. \r\nLe gingembre s\'utilise de diverses façons. \r\n- En usage interne, il se prend en poudre, de 500 à 1000 mg par jour, en teinture avant les repas (10 à 20 gouttes), en infusion avec 150 ml d\'eau chaude pour 1 g de gingembre 3 fois par jour. On peut le consommer frais en tranches ou râpé, sachant que 10 g de gingembre frais correspondent à 1 à 2 g de gingembre séché. Les doses sont adaptées à l\'usage que l\'on souhaite en faire : nausées de grossesse, post-opératoires, mal des transports, douleurs... \r\n- En usage externe, on peut se frictionner avec l\'huile essentielle de gingembre ou la teinture mère, directement sur la partie à traiter, ou bien soigner les maux de gorge en se gargarisant avec une cuillère à café de teinture diluée dans de l\'eau tiède. Une technique chinoise consiste à appliquer des cataplasmes infusés avec du gingembre sur les articulations douloureuses. \r\nPrécautions d\'emploi du gingembre\r\nLe gingembre peut être consommé par tous et à n\'importe quel moment de la journée puisqu\'il ne provoque pas de somnolence. Si l\'on respecte les dosages thérapeutiques, il n\'y a pas de précautions d\'emploi particulières à suivre. ', 'CONTRE-INDICATIONS\r\nOn déconseille la consommation de gingembre avant une opération à cause de ses propriétés anticoagulantes. Il n\'est pas expressément contre-indiqué aux femmes enceintes, mais il leur est recommandé de ne pas le consommer sur une trop longue période. \r\nEFFETS INDÉSIRABLES\r\nÀ haute dose, l\'huile essentielle peut provoquer des irritations et des allergies de peau. En cas d\'ingestion excessive, il peut déclencher des maux de ventre. La prise de gingembre ne doit pas dépasser 1,5 g par jour pour éviter ces désagréments.\r\n', 29),
(16, 'Fenugrec', 'L\'étymologie même du fenugrec renvoie à son usage originel : du foin que l\'on donnait aux chevaux, dans l\'Antiquité. Aujourd\'hui, le fenugrec est devenu une épice très appréciée en Inde et au Moyen-Orient. Mais cette plante a également des vertus méd', 'UTILISATION INTERNE\r\nPermet de lutter contre la perte d\'appétit et contre l\'anémie. Fortifiant, utile à la production du lait maternel. Gestion des troubles gastro-intestinaux : infections, problèmes de digestion. Outil de maintien de l\'équilibre du taux de sucre et du taux de cholestérol. Anti-inflammatoire. Diurétique. Stimule les contractions utérines. \r\nUTILISATION EXTERNE\r\nTraitement des affections cutanées : eczéma, brûlures, acné. Douleurs articulaires et musculaires. Utilisé dans les cas d\'alopécie. \r\nINDICATIONS THÉRAPEUTIQUES USUELLES\r\nMaladies cardio-vasculaires, hypercholestérolémie, troubles digestifs, dénutrition, anorexie, douleurs articulaires et musculaires, affections cutanées, infections, inflammations.\r\nUtilisation et posologie du fenugrec', 'fenugrec.jpg', 'DOSAGE\r\nAbsorbé sous forme de gélules, le fenugrec doit faire l\'objet de prises convenablement dosées. L\'absorption quotidienne ne doit pas excéder 4 g par jour, soit environ 6 à 8 gélules dosées à 500 mg. Il est impératif de respecter la posologie indiquée sur les étiquettes des boîtes et des flacons. \r\n- Il est également possible de préparer, chez soi, des infusions et des décoctions de fenugrec, en laissant infuser 1 cuillère à café de graines dans 50 cl d\'eau chaude. La consommation quotidienne ne doit pas excéder 3 à 5 tasses. \r\n- Pour réaliser un cataplasme, utiliser 50 g de graines de fenugrec et 1 l d\'eau. La nature mucilagineuse des fibres contenues dans les graines permettra l\'obtention d\'une pâte à appliquer sur les zones concernées par le traitement. \r\nPrécautions d\'emploi du fenugrec\r\nSous réserve de respecter la posologie recommandée, il n\'existe guère de précautions particulières. Toutefois, en cas de doute, il est préférable d\'aborder la question avec son médecin ou son pharmacien. ', 'CONTRE-INDICATIONS\r\nL\'utilisation de fenugrec est déconseillée pendant la grossesse. Elle n\'est pas recommandée chez les diabétiques, à moins d\'avoir reçu l\'accord d\'un professionnel de santé. De plus, les personnes allergiques aux arachides sont susceptibles de ne pas supporter l\'absorption de fenugrec. \r\nEFFETS INDÉSIRABLES\r\nLe fenugrec peut provoquer des réactions allergiques. La typicité de son odeur peut également être présente dans la transpiration et dans les urines, après quelques jours de traitement. Enfin, il est nécessaire de consulter un médecin en cas d\'interactions avec d\'autres traitements médicament', 50),
(17, 'Fenugrec', 'L\'étymologie même du fenugrec renvoie à son usage originel : du foin que l\'on donnait aux chevaux, dans l\'Antiquité. Aujourd\'hui, le fenugrec est devenu une épice très appréciée en Inde et au Moyen-Orient. Mais cette plante a également des vertus méd', 'UTILISATION INTERNE\r\nPermet de lutter contre la perte d\'appétit et contre l\'anémie. Fortifiant, utile à la production du lait maternel. Gestion des troubles gastro-intestinaux : infections, problèmes de digestion. Outil de maintien de l\'équilibre du taux de sucre et du taux de cholestérol. Anti-inflammatoire. Diurétique. Stimule les contractions utérines. \r\nUTILISATION EXTERNE\r\nTraitement des affections cutanées : eczéma, brûlures, acné. Douleurs articulaires et musculaires. Utilisé dans les cas d\'alopécie. \r\nINDICATIONS THÉRAPEUTIQUES USUELLES\r\nMaladies cardio-vasculaires, hypercholestérolémie, troubles digestifs, dénutrition, anorexie, douleurs articulaires et musculaires, affections cutanées, infections, inflammations.\r\nUtilisation et posologie du fenugrec', 'fenugrec.jpg', 'DOSAGE\r\nAbsorbé sous forme de gélules, le fenugrec doit faire l\'objet de prises convenablement dosées. L\'absorption quotidienne ne doit pas excéder 4 g par jour, soit environ 6 à 8 gélules dosées à 500 mg. Il est impératif de respecter la posologie indiquée sur les étiquettes des boîtes et des flacons. \r\n- Il est également possible de préparer, chez soi, des infusions et des décoctions de fenugrec, en laissant infuser 1 cuillère à café de graines dans 50 cl d\'eau chaude. La consommation quotidienne ne doit pas excéder 3 à 5 tasses. \r\n- Pour réaliser un cataplasme, utiliser 50 g de graines de fenugrec et 1 l d\'eau. La nature mucilagineuse des fibres contenues dans les graines permettra l\'obtention d\'une pâte à appliquer sur les zones concernées par le traitement. \r\nPrécautions d\'emploi du fenugrec\r\nSous réserve de respecter la posologie recommandée, il n\'existe guère de précautions particulières. Toutefois, en cas de doute, il est préférable d\'aborder la question avec son médecin ou son pharmacien. ', 'CONTRE-INDICATIONS\r\nL\'utilisation de fenugrec est déconseillée pendant la grossesse. Elle n\'est pas recommandée chez les diabétiques, à moins d\'avoir reçu l\'accord d\'un professionnel de santé. De plus, les personnes allergiques aux arachides sont susceptibles de ne pas supporter l\'absorption de fenugrec. \r\nEFFETS INDÉSIRABLES\r\nLe fenugrec peut provoquer des réactions allergiques. La typicité de son odeur peut également être présente dans la transpiration et dans les urines, après quelques jours de traitement. Enfin, il est nécessaire de consulter un médecin en cas d\'interactions avec d\'autres traitements médicament', 3),
(20, 'Fenugrec', 'L\'étymologie même du fenugrec renvoie à son usage originel : du foin que l\'on donnait aux chevaux, dans l\'Antiquité. Aujourd\'hui, le fenugrec est devenu une épice très appréciée en Inde et au Moyen-Orient. Mais cette plante a également des vertus méd', 'UTILISATION INTERNE\r\nPermet de lutter contre la perte d\'appétit et contre l\'anémie. Fortifiant, utile à la production du lait maternel. Gestion des troubles gastro-intestinaux : infections, problèmes de digestion. Outil de maintien de l\'équilibre du taux de sucre et du taux de cholestérol. Anti-inflammatoire. Diurétique. Stimule les contractions utérines. \r\nUTILISATION EXTERNE\r\nTraitement des affections cutanées : eczéma, brûlures, acné. Douleurs articulaires et musculaires. Utilisé dans les cas d\'alopécie. \r\nINDICATIONS THÉRAPEUTIQUES USUELLES\r\nMaladies cardio-vasculaires, hypercholestérolémie, troubles digestifs, dénutrition, anorexie, douleurs articulaires et musculaires, affections cutanées, infections, inflammations.\r\nUtilisation et posologie du fenugrec', 'fenugrec.jpg', 'DOSAGE\r\nAbsorbé sous forme de gélules, le fenugrec doit faire l\'objet de prises convenablement dosées. L\'absorption quotidienne ne doit pas excéder 4 g par jour, soit environ 6 à 8 gélules dosées à 500 mg. Il est impératif de respecter la posologie indiquée sur les étiquettes des boîtes et des flacons. \r\n- Il est également possible de préparer, chez soi, des infusions et des décoctions de fenugrec, en laissant infuser 1 cuillère à café de graines dans 50 cl d\'eau chaude. La consommation quotidienne ne doit pas excéder 3 à 5 tasses. \r\n- Pour réaliser un cataplasme, utiliser 50 g de graines de fenugrec et 1 l d\'eau. La nature mucilagineuse des fibres contenues dans les graines permettra l\'obtention d\'une pâte à appliquer sur les zones concernées par le traitement. \r\nPrécautions d\'emploi du fenugrec\r\nSous réserve de respecter la posologie recommandée, il n\'existe guère de précautions particulières. Toutefois, en cas de doute, il est préférable d\'aborder la question avec son médecin ou son pharmacien. ', 'CONTRE-INDICATIONS\r\nL\'utilisation de fenugrec est déconseillée pendant la grossesse. Elle n\'est pas recommandée chez les diabétiques, à moins d\'avoir reçu l\'accord d\'un professionnel de santé. De plus, les personnes allergiques aux arachides sont susceptibles de ne pas supporter l\'absorption de fenugrec. \r\nEFFETS INDÉSIRABLES\r\nLe fenugrec peut provoquer des réactions allergiques. La typicité de son odeur peut également être présente dans la transpiration et dans les urines, après quelques jours de traitement. Enfin, il est nécessaire de consulter un médecin en cas d\'interactions avec d\'autres traitements médicament', 57),
(22, 'Lavande', 'Déjà utilisée par les Romains dans l\'Antiquité pour son parfum et ses qualités thérapeutiques, la lavande est aujourd\'hui l\'une des plantes médicinales les plus prisées en phytothérapie, notamment pour des problèmes de nervosité, digestifs ou articul', 'UTILISATION INTERNE\r\n\r\n•	Léger effet narcotique (coumarine) : insomnie, hystérie, troubles nerveux. \r\n•	Effet anti-spasmodique, grâce aux esters que la plante contient. \r\n•	Troubles digestifs : digestion difficile liée au stress ou à la nervosité, ulcérations. \r\n•	Troubles respiratoires : rhume, asthme. Apaise en cas de vertiges. \r\n•	Troubles cardio-vasculaires : calme un début d\'angine de poitrine. \r\n•	Traitement des migraines et céphalées. \r\n\r\nUTILISATION EXTERNE\r\n\r\n•	Soulage certaines affections de la peau : eczéma, acné, brûlures légères, psoriasis, piqûres d\'insectes. \r\n•	Cicatrise et assainit les plaies et les ulcères. \r\n•	Douleurs articulaires : entorses, foulures, contusions et rhumatismes. \r\n•	Action antivenimeuse sur la morsure de vipère. \r\n•	Antiparasitaire (poux) et vermifuge.\r\n', 'lavande.jpg', 'DOSAGE\r\n\r\n- En poudre sèche micronisée (gélules) : 1 à 2 g par jour en trois prises. \r\n- Extrait sec (gélules) : 200 à 400 mg par jour en trois prises. \r\n- En infusion : 2 c. à thé dans 150 ml d\'eau chaude. Jusqu\'à 3 tasses par jour entre les repas pour contrer ou prévenir les problèmes digestifs et pour soulager la migraine, les vertiges ou un début d\'angine. \r\n- Alcoolature : pour les frictions locales dans le cas de douleurs articulaires (matin et soir). \r\n- Pour assainir le cuir chevelu : en friction légère du bout des doigts, trois fois par semaine. \r\n- En huile à massage : 2 à 4 gouttes par 60 ml de base neutre (par exemple, huile d\'amande douce) pour soulager les douleursliées aux foulures, entorses et crampes musculaires. \r\n- En inhalation : pour contrer l\'insomnie et la nervosité, 2 à 4 gouttes versées dans un diffuseur ou 1 ou 2 gouttes sur un tampon de ouate placé dans un oreiller.\r\n', 'Précautions d\'emploi de la lavande\r\n\r\nMême si l\'huile essentielle de lavande peut être appliquée directement sur la peau, il est recommandé de la mélanger à une huile de base telle que l\'huile d\'amande douce, lorsque la personne a une peau sensible ou très réactive (irritation, démangeaison).\r\n \r\nCONTRE-INDICATIONS\r\n\r\nLa lavande n\'est pas recommandée aux personnes prenant des produits naturels ou médicamenteux à effet anticoagulant. Le lavandin ne convient pas aux femmes enceintes dans les trois premiers mois de leur grossesse. \r\n\r\nEFFETS INDÉSIRABLES\r\n\r\nOn ne connaît pas d\'effet indésirable connu relié à la lavande. Par ailleurs, certaines personnes réagiraient trop fortement à son effet narcotique, quoique léger.\r\n', 1),
(23, 'Lavande', 'Déjà utilisée par les Romains dans l\'Antiquité pour son parfum et ses qualités thérapeutiques, la lavande est aujourd\'hui l\'une des plantes médicinales les plus prisées en phytothérapie, notamment pour des problèmes de nervosité, digestifs ou articul', 'UTILISATION INTERNE\r\n\r\n•	Léger effet narcotique (coumarine) : insomnie, hystérie, troubles nerveux. \r\n•	Effet anti-spasmodique, grâce aux esters que la plante contient. \r\n•	Troubles digestifs : digestion difficile liée au stress ou à la nervosité, ulcérations. \r\n•	Troubles respiratoires : rhume, asthme. Apaise en cas de vertiges. \r\n•	Troubles cardio-vasculaires : calme un début d\'angine de poitrine. \r\n•	Traitement des migraines et céphalées. \r\n\r\nUTILISATION EXTERNE\r\n\r\n•	Soulage certaines affections de la peau : eczéma, acné, brûlures légères, psoriasis, piqûres d\'insectes. \r\n•	Cicatrise et assainit les plaies et les ulcères. \r\n•	Douleurs articulaires : entorses, foulures, contusions et rhumatismes. \r\n•	Action antivenimeuse sur la morsure de vipère. \r\n•	Antiparasitaire (poux) et vermifuge.\r\n', 'lavande.jpg', 'DOSAGE\r\n\r\n- En poudre sèche micronisée (gélules) : 1 à 2 g par jour en trois prises. \r\n- Extrait sec (gélules) : 200 à 400 mg par jour en trois prises. \r\n- En infusion : 2 c. à thé dans 150 ml d\'eau chaude. Jusqu\'à 3 tasses par jour entre les repas pour contrer ou prévenir les problèmes digestifs et pour soulager la migraine, les vertiges ou un début d\'angine. \r\n- Alcoolature : pour les frictions locales dans le cas de douleurs articulaires (matin et soir). \r\n- Pour assainir le cuir chevelu : en friction légère du bout des doigts, trois fois par semaine. \r\n- En huile à massage : 2 à 4 gouttes par 60 ml de base neutre (par exemple, huile d\'amande douce) pour soulager les douleursliées aux foulures, entorses et crampes musculaires. \r\n- En inhalation : pour contrer l\'insomnie et la nervosité, 2 à 4 gouttes versées dans un diffuseur ou 1 ou 2 gouttes sur un tampon de ouate placé dans un oreiller.\r\n', 'Précautions d\'emploi de la lavande\r\n\r\nMême si l\'huile essentielle de lavande peut être appliquée directement sur la peau, il est recommandé de la mélanger à une huile de base telle que l\'huile d\'amande douce, lorsque la personne a une peau sensible ou très réactive (irritation, démangeaison).\r\n \r\nCONTRE-INDICATIONS\r\n\r\nLa lavande n\'est pas recommandée aux personnes prenant des produits naturels ou médicamenteux à effet anticoagulant. Le lavandin ne convient pas aux femmes enceintes dans les trois premiers mois de leur grossesse. \r\n\r\nEFFETS INDÉSIRABLES\r\n\r\nOn ne connaît pas d\'effet indésirable connu relié à la lavande. Par ailleurs, certaines personnes réagiraient trop fortement à son effet narcotique, quoique léger.\r\n', 3),
(24, 'Lavande', 'Déjà utilisée par les Romains dans l\'Antiquité pour son parfum et ses qualités thérapeutiques, la lavande est aujourd\'hui l\'une des plantes médicinales les plus prisées en phytothérapie, notamment pour des problèmes de nervosité, digestifs ou articul', 'UTILISATION INTERNE\r\n\r\n•	Léger effet narcotique (coumarine) : insomnie, hystérie, troubles nerveux. \r\n•	Effet anti-spasmodique, grâce aux esters que la plante contient. \r\n•	Troubles digestifs : digestion difficile liée au stress ou à la nervosité, ulcérations. \r\n•	Troubles respiratoires : rhume, asthme. Apaise en cas de vertiges. \r\n•	Troubles cardio-vasculaires : calme un début d\'angine de poitrine. \r\n•	Traitement des migraines et céphalées. \r\n\r\nUTILISATION EXTERNE\r\n\r\n•	Soulage certaines affections de la peau : eczéma, acné, brûlures légères, psoriasis, piqûres d\'insectes. \r\n•	Cicatrise et assainit les plaies et les ulcères. \r\n•	Douleurs articulaires : entorses, foulures, contusions et rhumatismes. \r\n•	Action antivenimeuse sur la morsure de vipère. \r\n•	Antiparasitaire (poux) et vermifuge.\r\n', 'lavande.jpg', 'DOSAGE\r\n\r\n- En poudre sèche micronisée (gélules) : 1 à 2 g par jour en trois prises. \r\n- Extrait sec (gélules) : 200 à 400 mg par jour en trois prises. \r\n- En infusion : 2 c. à thé dans 150 ml d\'eau chaude. Jusqu\'à 3 tasses par jour entre les repas pour contrer ou prévenir les problèmes digestifs et pour soulager la migraine, les vertiges ou un début d\'angine. \r\n- Alcoolature : pour les frictions locales dans le cas de douleurs articulaires (matin et soir). \r\n- Pour assainir le cuir chevelu : en friction légère du bout des doigts, trois fois par semaine. \r\n- En huile à massage : 2 à 4 gouttes par 60 ml de base neutre (par exemple, huile d\'amande douce) pour soulager les douleursliées aux foulures, entorses et crampes musculaires. \r\n- En inhalation : pour contrer l\'insomnie et la nervosité, 2 à 4 gouttes versées dans un diffuseur ou 1 ou 2 gouttes sur un tampon de ouate placé dans un oreiller.\r\n', 'Précautions d\'emploi de la lavande\r\n\r\nMême si l\'huile essentielle de lavande peut être appliquée directement sur la peau, il est recommandé de la mélanger à une huile de base telle que l\'huile d\'amande douce, lorsque la personne a une peau sensible ou très réactive (irritation, démangeaison).\r\n \r\nCONTRE-INDICATIONS\r\n\r\nLa lavande n\'est pas recommandée aux personnes prenant des produits naturels ou médicamenteux à effet anticoagulant. Le lavandin ne convient pas aux femmes enceintes dans les trois premiers mois de leur grossesse. \r\n\r\nEFFETS INDÉSIRABLES\r\n\r\nOn ne connaît pas d\'effet indésirable connu relié à la lavande. Par ailleurs, certaines personnes réagiraient trop fortement à son effet narcotique, quoique léger.\r\n', 57),
(25, 'Menthe', 'Plante ornementale ou condimentaire, la menthe fait aussi partie de l\'histoire de la phytothérapie. Elle est réputée pour ses capacités à relâcher les muscles, à traiter les problèmes digestifs et pour ses vertus antiseptiques et tonifiantes. Elle st', 'UTILISATION INTERNE\r\n\r\n•	Troubles digestifs : efficace en cas de constipation ou de diarrhée. \r\n•	Troubles urinaires : effet diurétique. \r\n•	Toux et rhume : apaisante. \r\n•	Antidouleur : douleurs articulaires, musculaires et maux de tête. \r\n•	Problèmes respiratoires : efficace contre les affections similaires aux bronchites. \r\n•	Contre des affections de la peau : soulage les douleurs liées aux piqûres d\'insectes et d\'animaux et prévient la formation de crevasses. \r\n\r\nTroubles digestifs (digestion difficile, ballonnements, flatulences), inflammation du système respiratoire, douleurs articulaires, musculaires ou maux de tête. Démangeaisons cutanées ou infection buccale.\r\n', 'menthe.jpg', 'DOSAGE\r\n\r\nLa menthe est souvent proposée sous forme de préparations industrielles ou artisanales. On peut citer les gélules, les lotions, les crèmes à base de menthol, la teinture ou les huiles essentielles. Pour ces dernières, on préconise généralement trois prises quotidiennes de 2 à 4 gouttes. Pour la teinture (à 45%), ce sont 2 à 5 ml à la même fréquence qu\'il faut utiliser. \r\n\r\nPour les préparations maison :\r\n\r\n- En infusion : une cuillère à soupe de feuilles pour 150 ml d\'eau bouillante. Pour un litre d\'eau, peser 15 g de feuilles. Laisser bouillir dix minutes et prendre 3 à 4 tasses par jour. \r\n- En gargarisme : 50 g de feuilles séchées pour un litre d\'eau et laisser bouillir durant dix minutes.\r\n', 'Précautions d\'emploi de la menthe\r\n\r\nEn usage interne, il ne faut pas administrer de menthe aux enfants de moins de 5 ans. Quant à l\'huile essentielle, son utilisation doit faire suite à une prescription médicale. Il est important de ne pas la donner aux enfants de moins de 12 ans et aux femmes enceintes ou durant l\'allaitement. Pour un usage externe, il faut vérifier que la peau ne présente pas de lésions ou d\'inflammations. Eviter les applications trop proches des voies respiratoires, du fait des risques de spasmes. \r\n\r\nCONTRE-INDICATIONS\r\n\r\nLa menthe est à proscrire chez les personnes souffrant de la vésicule biliaire, tout comme chez les patients ayant souffert de troubles hépatiques graves. Il en va de même pour les personnes sujettes à l\' hypertension. \r\n\r\nEFFETS INDÉSIRABLES\r\n\r\nEn usage interne, la menthe, consommée à haute dose, peut provoquer des troubles intestinaux et des céphalées. Des risques d\'hypertension ont également été signalés, ainsi que la mort par action sur le bulbe rachidien. \r\n', 56);
INSERT INTO `Plante` (`idPlante`, `Nom`, `Description`, `Bienfait`, `Photo`, `Posologie`, `Avertissement`, `id_Symptome`) VALUES
(26, 'Menthe', 'Plante ornementale ou condimentaire, la menthe fait aussi partie de l\'histoire de la phytothérapie. Elle est réputée pour ses capacités à relâcher les muscles, à traiter les problèmes digestifs et pour ses vertus antiseptiques et tonifiantes. Elle st', 'UTILISATION INTERNE\r\n\r\n•	Troubles digestifs : efficace en cas de constipation ou de diarrhée. \r\n•	Troubles urinaires : effet diurétique. \r\n•	Toux et rhume : apaisante. \r\n•	Antidouleur : douleurs articulaires, musculaires et maux de tête. \r\n•	Problèmes respiratoires : efficace contre les affections similaires aux bronchites. \r\n•	Contre des affections de la peau : soulage les douleurs liées aux piqûres d\'insectes et d\'animaux et prévient la formation de crevasses. \r\n\r\nTroubles digestifs (digestion difficile, ballonnements, flatulences), inflammation du système respiratoire, douleurs articulaires, musculaires ou maux de tête. Démangeaisons cutanées ou infection buccale.\r\n', 'menthe.jpg', 'DOSAGE\r\n\r\nLa menthe est souvent proposée sous forme de préparations industrielles ou artisanales. On peut citer les gélules, les lotions, les crèmes à base de menthol, la teinture ou les huiles essentielles. Pour ces dernières, on préconise généralement trois prises quotidiennes de 2 à 4 gouttes. Pour la teinture (à 45%), ce sont 2 à 5 ml à la même fréquence qu\'il faut utiliser. \r\n\r\nPour les préparations maison :\r\n\r\n- En infusion : une cuillère à soupe de feuilles pour 150 ml d\'eau bouillante. Pour un litre d\'eau, peser 15 g de feuilles. Laisser bouillir dix minutes et prendre 3 à 4 tasses par jour. \r\n- En gargarisme : 50 g de feuilles séchées pour un litre d\'eau et laisser bouillir durant dix minutes.\r\n', 'Précautions d\'emploi de la menthe\r\n\r\nEn usage interne, il ne faut pas administrer de menthe aux enfants de moins de 5 ans. Quant à l\'huile essentielle, son utilisation doit faire suite à une prescription médicale. Il est important de ne pas la donner aux enfants de moins de 12 ans et aux femmes enceintes ou durant l\'allaitement. Pour un usage externe, il faut vérifier que la peau ne présente pas de lésions ou d\'inflammations. Eviter les applications trop proches des voies respiratoires, du fait des risques de spasmes. \r\n\r\nCONTRE-INDICATIONS\r\n\r\nLa menthe est à proscrire chez les personnes souffrant de la vésicule biliaire, tout comme chez les patients ayant souffert de troubles hépatiques graves. Il en va de même pour les personnes sujettes à l\' hypertension. \r\n\r\nEFFETS INDÉSIRABLES\r\n\r\nEn usage interne, la menthe, consommée à haute dose, peut provoquer des troubles intestinaux et des céphalées. Des risques d\'hypertension ont également été signalés, ainsi que la mort par action sur le bulbe rachidien. \r\n', 1),
(27, 'Menthe', 'Plante ornementale ou condimentaire, la menthe fait aussi partie de l\'histoire de la phytothérapie. Elle est réputée pour ses capacités à relâcher les muscles, à traiter les problèmes digestifs et pour ses vertus antiseptiques et tonifiantes. Elle st', 'UTILISATION INTERNE\r\n\r\n•	Troubles digestifs : efficace en cas de constipation ou de diarrhée. \r\n•	Troubles urinaires : effet diurétique. \r\n•	Toux et rhume : apaisante. \r\n•	Antidouleur : douleurs articulaires, musculaires et maux de tête. \r\n•	Problèmes respiratoires : efficace contre les affections similaires aux bronchites. \r\n•	Contre des affections de la peau : soulage les douleurs liées aux piqûres d\'insectes et d\'animaux et prévient la formation de crevasses. \r\n\r\nTroubles digestifs (digestion difficile, ballonnements, flatulences), inflammation du système respiratoire, douleurs articulaires, musculaires ou maux de tête. Démangeaisons cutanées ou infection buccale.\r\n', 'menthe.jpg', 'DOSAGE\r\n\r\nLa menthe est souvent proposée sous forme de préparations industrielles ou artisanales. On peut citer les gélules, les lotions, les crèmes à base de menthol, la teinture ou les huiles essentielles. Pour ces dernières, on préconise généralement trois prises quotidiennes de 2 à 4 gouttes. Pour la teinture (à 45%), ce sont 2 à 5 ml à la même fréquence qu\'il faut utiliser. \r\n\r\nPour les préparations maison :\r\n\r\n- En infusion : une cuillère à soupe de feuilles pour 150 ml d\'eau bouillante. Pour un litre d\'eau, peser 15 g de feuilles. Laisser bouillir dix minutes et prendre 3 à 4 tasses par jour. \r\n- En gargarisme : 50 g de feuilles séchées pour un litre d\'eau et laisser bouillir durant dix minutes.\r\n', 'Précautions d\'emploi de la menthe\r\n\r\nEn usage interne, il ne faut pas administrer de menthe aux enfants de moins de 5 ans. Quant à l\'huile essentielle, son utilisation doit faire suite à une prescription médicale. Il est important de ne pas la donner aux enfants de moins de 12 ans et aux femmes enceintes ou durant l\'allaitement. Pour un usage externe, il faut vérifier que la peau ne présente pas de lésions ou d\'inflammations. Eviter les applications trop proches des voies respiratoires, du fait des risques de spasmes. \r\n\r\nCONTRE-INDICATIONS\r\n\r\nLa menthe est à proscrire chez les personnes souffrant de la vésicule biliaire, tout comme chez les patients ayant souffert de troubles hépatiques graves. Il en va de même pour les personnes sujettes à l\' hypertension. \r\n\r\nEFFETS INDÉSIRABLES\r\n\r\nEn usage interne, la menthe, consommée à haute dose, peut provoquer des troubles intestinaux et des céphalées. Des risques d\'hypertension ont également été signalés, ainsi que la mort par action sur le bulbe rachidien. \r\n', 8),
(28, 'Nigelle', 'La Nigelle, que l\'on appelle aussi cumin noir, est une plante aromatique de la famille des renonculacées. Ses graines noires, auxquelles elle doit son nom, sont comestibles. Souvent utilisée en cuisine comme épices, elle possède également de nombreus', 'UTILISATION INTERNE\r\n\r\n•	Excellent complément alimentaire, dédié à l\'équilibre interne. \r\n•	Nombreuses propriétés curatives : digestive, diurétique, stimulante, antioxydante, galactogène (elle active la sécrétion de lait chez les femmes qui allaitent), analgésique et antiallergique. \r\n•	Stimule le système immunitaire, fait baisser le mauvais cholestérol et prévient l\'hypertension artérielle. \r\n•	Une consommation régulière de cumin noir peut réduire le taux de sucre dans le sang et la résistance à l\'insuline, ce qui en fait un remède efficace pour éviter les diabètes de type 2. \r\n\r\nUTILISATION EXTERNE\r\n\r\n•	Vertus anti-inflammatoires et calmantes de l\'huile essentielle. \r\n•	Diminue les maux de tête, les vertiges et les douleurs articulaires en applications locales ou en massages. \r\n•	Soigne les rhumes, les douleurs dentaires (en bains de bouche) et les problèmes de peau (psoriasis, acné, eczéma, brûlures). \r\n•	Traite l\'acné ou les problèmes cutanés et améliore le teint.\r\n\r\nUtilisation et posologie de la nigelle\r\n', 'nigelle.jpg', 'DOSAGE\r\n\r\nLa forme la plus utilisée en phytothérapie est l\' huile de nigelle, extraite de ses graines. Mais il existe aussi des gélules, utilisées comme compléments alimentaires. \r\n\r\n- Pour un adulte : prendre 1 à 3 cuillères à café, pures ou avec du miel, du lait ou tout autre aliment, au cours du repas ou 1 cuillère à soupe, le soir au coucher, pour des cures de trois mois. \r\n- Pour un enfant de moins de 12 ans, une demi-cuillère à café par jour suffit, tandis qu\'un enfant de plus de 12 ans pourra prendre 1 cuillère à café par jour. \r\n- Il est bon de savoir que la nigelle peut être mélangée à des jus de fruits, du lait, de l\'eau, de l\'huile d\'olive, etc. Par exemple, on pourra consommer un mélange d\'une cuillère à soupe d\'huile essentielle de nigelle avec un yaourt, pour calmer une diarrhée. \r\n- En usage externe, l\'huile de nigelle est utilisée généralement pure, en application locale et plusieurs fois par jour. Il est aussi possible de l\'intégrer à ses produits cosmétiques. L\'huile de nigelle peut également être ajoutée à de l\'eau bouillante, avant d\'être inhalée. Les graines écrasées peuvent être employées en cataplasmes, pour traiter certains problèmes de la peau.\r\n', 'Précautions d\'emploi de la nigelle\r\n\r\nConsommée en trop grande quantité, la nigelle peut se révéler légèrement toxique. \r\n\r\nCONTRE-INDICATIONS\r\n\r\nAucune.\r\n', 45),
(29, 'Nigelle', 'La Nigelle, que l\'on appelle aussi cumin noir, est une plante aromatique de la famille des renonculacées. Ses graines noires, auxquelles elle doit son nom, sont comestibles. Souvent utilisée en cuisine comme épices, elle possède également de nombreus', 'UTILISATION INTERNE\r\n\r\n•	Excellent complément alimentaire, dédié à l\'équilibre interne. \r\n•	Nombreuses propriétés curatives : digestive, diurétique, stimulante, antioxydante, galactogène (elle active la sécrétion de lait chez les femmes qui allaitent), analgésique et antiallergique. \r\n•	Stimule le système immunitaire, fait baisser le mauvais cholestérol et prévient l\'hypertension artérielle. \r\n•	Une consommation régulière de cumin noir peut réduire le taux de sucre dans le sang et la résistance à l\'insuline, ce qui en fait un remède efficace pour éviter les diabètes de type 2. \r\n\r\nUTILISATION EXTERNE\r\n\r\n•	Vertus anti-inflammatoires et calmantes de l\'huile essentielle. \r\n•	Diminue les maux de tête, les vertiges et les douleurs articulaires en applications locales ou en massages. \r\n•	Soigne les rhumes, les douleurs dentaires (en bains de bouche) et les problèmes de peau (psoriasis, acné, eczéma, brûlures). \r\n•	Traite l\'acné ou les problèmes cutanés et améliore le teint.\r\n\r\nUtilisation et posologie de la nigelle\r\n', 'nigelle.jpg', 'DOSAGE\r\n\r\nLa forme la plus utilisée en phytothérapie est l\' huile de nigelle, extraite de ses graines. Mais il existe aussi des gélules, utilisées comme compléments alimentaires. \r\n\r\n- Pour un adulte : prendre 1 à 3 cuillères à café, pures ou avec du miel, du lait ou tout autre aliment, au cours du repas ou 1 cuillère à soupe, le soir au coucher, pour des cures de trois mois. \r\n- Pour un enfant de moins de 12 ans, une demi-cuillère à café par jour suffit, tandis qu\'un enfant de plus de 12 ans pourra prendre 1 cuillère à café par jour. \r\n- Il est bon de savoir que la nigelle peut être mélangée à des jus de fruits, du lait, de l\'eau, de l\'huile d\'olive, etc. Par exemple, on pourra consommer un mélange d\'une cuillère à soupe d\'huile essentielle de nigelle avec un yaourt, pour calmer une diarrhée. \r\n- En usage externe, l\'huile de nigelle est utilisée généralement pure, en application locale et plusieurs fois par jour. Il est aussi possible de l\'intégrer à ses produits cosmétiques. L\'huile de nigelle peut également être ajoutée à de l\'eau bouillante, avant d\'être inhalée. Les graines écrasées peuvent être employées en cataplasmes, pour traiter certains problèmes de la peau.\r\n', 'Précautions d\'emploi de la nigelle\r\n\r\nConsommée en trop grande quantité, la nigelle peut se révéler légèrement toxique. \r\n\r\nCONTRE-INDICATIONS\r\n\r\nAucune.\r\n', 60),
(30, 'Ortie', 'L\'ortie est une plante aux nombreuses vertus, qui agissent sur l\'ensemble du métabolisme. Ses feuilles ont des propriétés diurétiques et diminuent les douleurs articulaires, alors que sa racine traite de nombreux troubles. Elle diffère légèrement de ', 'UTILISATION INTERNE\r\n\r\nL\'ortie est diurétique, dépurative, antirhumatismale, anti-inflammatoire, antalgique, antimicrobienne, antiulcéreuse, antianémique, hépatoprotectrice, antioxydante, hypoglycémiante, antiallergique, immunostimulante, hypotensive, tonique, galactogène. \r\n\r\nUTILISATION EXTERNE\r\n\r\nL\'ortie offre des propriétés astringentes et cicatrisantes.\r\n\r\nUtilisation et posologie de l\'ortie\r\n', 'ortie.jpg', 'DOSAGE\r\n\r\nL\'ortie peut être consommée de manière quotidienne, sur plusieurs mois. \r\nEn tisane de racines : faire bouillir, pendant dix minutes, 1,5 g de racines en poudre dans de l\'eau froide. Laisser infuser dix minutes et filtrer. \r\nEn infusion de feuilles : faire bouillir 3 cuillères à soupe de feuilles séchées dans 500 ml d\'eau. Boire plusieurs tasses par jour de cette préparation. \r\nNébulisat (100 mg/gélule) : prendre 2 gélules, trois fois par jour. \r\nEn décoction de racines, contre les troubles mictionnels : faire bouillir trois minutes 50 g de racines dans 1 litre d\'eau. Laisser infuser vingt minutes. Boire à volonté. \r\nLe fruit est utilisé en usage externe, pour atténuer les rhumatismes.\r\n', 'Précautions d\'emploi de l\'ortie\r\n\r\nCONTRE-INDICATIONS\r\n\r\nL\'ortie est contre-indiquée aux femmes enceintes, à celles qui allaitent et aux enfants de moins de 12 ans. Elle est également déconseillée aux asthmatiques et aux personnes souffrant de troubles cardiaques ou rénaux. \r\n\r\nINTERACTIONS AVEC DES PLANTES MÉDICINALES OU DES COMPLÉMENTS\r\n\r\nIl est déconseillé d\'associer la prise d\'ortie à une supplémentation en fer.\r\n', 3),
(31, 'Rosier', 'Outre à être utilisée en parfumerie, la rose contient une huile essentielle aux propriétés sédatives, aphrodisiaques et apaisantes incontestables. Elle constitue également un excellent antirides, véritable alternative biologique, naturelle et durable', 'UTILISATION INTERNE\r\n\r\nTraitement des diarrhées, affections du système respiratoire, asthme, tuberculose pulmonaire, troubles cardio-vasculaires, hémorroïdes, affections cutanées. \r\n\r\nUTILISATION EXTERNE\r\n\r\nTraitement des aphtes, gingivites, plaies fongueuses, leucorrhées, infections vaginales et inflammations des paupières. C\'est également un antirides utilisé pour réparer la peau sèche et lutter contre l\'eczéma et les contusions.\r\n\r\nUtilisation et posologie du rosier\r\n', 'rosier.jpg', 'DOSAGE\r\n\r\nInfusion pour usage interne : 20 g de pétales de rose dans 1 l d\'eau pendant dix minutes, à consommer trois fois par jour. Infusion pour usage externe : 3 pincées de pétales de rose dans 1 tasse d\'eau bouillante. Pâte : 750 g de sucre avec 250 g de pétales frais de boutons de rose. \r\n\r\nGargarisme : de 1 à 2 cuillères à soupe de vinaigre rosat dans 1 verre d\'eau chaude. Le vinaigre rosat se prépare avec 60 g de pétales de roses rouges, additionnés à 750 g de vinaigre rouge ; le tout doit macérer pendant une semaine, puis être filtré. Injection vaginale : 1 cuillère à soupe de vinaigre rosat avec 1 l d\'eau tiède.\r\n', 'Précautions d\'emploi du rosier\r\n\r\nIl faut tester l\'huile essentielle de rose dans le pli du coude quarante-huit heures avant son utilisation pour éviter toute allergie, puis conserver les préparations à l\'abri de la chaleur, de l\'humidité et hors de portée des enfants. \r\n\r\nCONTRE-INDICATIONS\r\n\r\nIl faut éviter son utilisation en cas d\'antécédents allergiques ainsi que chez l\'enfant. Toujours demander le conseil de son médecin ou de son pharmacien avant utilisation, en particulier des huiles essentielles.\r\n', 56),
(32, 'Rosier', 'Outre à être utilisée en parfumerie, la rose contient une huile essentielle aux propriétés sédatives, aphrodisiaques et apaisantes incontestables. Elle constitue également un excellent antirides, véritable alternative biologique, naturelle et durable', 'UTILISATION INTERNE\r\n\r\nTraitement des diarrhées, affections du système respiratoire, asthme, tuberculose pulmonaire, troubles cardio-vasculaires, hémorroïdes, affections cutanées. \r\n\r\nUTILISATION EXTERNE\r\n\r\nTraitement des aphtes, gingivites, plaies fongueuses, leucorrhées, infections vaginales et inflammations des paupières. C\'est également un antirides utilisé pour réparer la peau sèche et lutter contre l\'eczéma et les contusions.\r\n\r\nUtilisation et posologie du rosier\r\n', 'rosier.jpg', 'DOSAGE\r\n\r\nInfusion pour usage interne : 20 g de pétales de rose dans 1 l d\'eau pendant dix minutes, à consommer trois fois par jour. Infusion pour usage externe : 3 pincées de pétales de rose dans 1 tasse d\'eau bouillante. Pâte : 750 g de sucre avec 250 g de pétales frais de boutons de rose. \r\n\r\nGargarisme : de 1 à 2 cuillères à soupe de vinaigre rosat dans 1 verre d\'eau chaude. Le vinaigre rosat se prépare avec 60 g de pétales de roses rouges, additionnés à 750 g de vinaigre rouge ; le tout doit macérer pendant une semaine, puis être filtré. Injection vaginale : 1 cuillère à soupe de vinaigre rosat avec 1 l d\'eau tiède.\r\n', 'Précautions d\'emploi du rosier\r\n\r\nIl faut tester l\'huile essentielle de rose dans le pli du coude quarante-huit heures avant son utilisation pour éviter toute allergie, puis conserver les préparations à l\'abri de la chaleur, de l\'humidité et hors de portée des enfants. \r\n\r\nCONTRE-INDICATIONS\r\n\r\nIl faut éviter son utilisation en cas d\'antécédents allergiques ainsi que chez l\'enfant. Toujours demander le conseil de son médecin ou de son pharmacien avant utilisation, en particulier des huiles essentielles.\r\n', 38),
(33, 'Rosier', 'Outre à être utilisée en parfumerie, la rose contient une huile essentielle aux propriétés sédatives, aphrodisiaques et apaisantes incontestables. Elle constitue également un excellent antirides, véritable alternative biologique, naturelle et durable', 'UTILISATION INTERNE\r\n\r\nTraitement des diarrhées, affections du système respiratoire, asthme, tuberculose pulmonaire, troubles cardio-vasculaires, hémorroïdes, affections cutanées. \r\n\r\nUTILISATION EXTERNE\r\n\r\nTraitement des aphtes, gingivites, plaies fongueuses, leucorrhées, infections vaginales et inflammations des paupières. C\'est également un antirides utilisé pour réparer la peau sèche et lutter contre l\'eczéma et les contusions.\r\n\r\nUtilisation et posologie du rosier\r\n', 'rosier.jpg', 'DOSAGE\r\n\r\nInfusion pour usage interne : 20 g de pétales de rose dans 1 l d\'eau pendant dix minutes, à consommer trois fois par jour. Infusion pour usage externe : 3 pincées de pétales de rose dans 1 tasse d\'eau bouillante. Pâte : 750 g de sucre avec 250 g de pétales frais de boutons de rose. \r\n\r\nGargarisme : de 1 à 2 cuillères à soupe de vinaigre rosat dans 1 verre d\'eau chaude. Le vinaigre rosat se prépare avec 60 g de pétales de roses rouges, additionnés à 750 g de vinaigre rouge ; le tout doit macérer pendant une semaine, puis être filtré. Injection vaginale : 1 cuillère à soupe de vinaigre rosat avec 1 l d\'eau tiède.\r\n', 'Précautions d\'emploi du rosier\r\n\r\nIl faut tester l\'huile essentielle de rose dans le pli du coude quarante-huit heures avant son utilisation pour éviter toute allergie, puis conserver les préparations à l\'abri de la chaleur, de l\'humidité et hors de portée des enfants. \r\n\r\nCONTRE-INDICATIONS\r\n\r\nIl faut éviter son utilisation en cas d\'antécédents allergiques ainsi que chez l\'enfant. Toujours demander le conseil de son médecin ou de son pharmacien avant utilisation, en particulier des huiles essentielles.\r\n', 57),
(34, 'Palmier de Floride', 'En phytothérapie, le fruit du palmier de Floride permet principalement de soigner l\' hypertrophie bénigne de la prostate. Autrefois, les Amérindiens l\'utilisaient pour soigner les troubles urinaires et les irritations des muqueuses.', 'UTILISATION INTERNE\r\n\r\nLe palmier de Floride est un antiandrogène périphérique ; il permet de traiter les troubles liés à l\'hypertrophie bénigne de la prostate. Les extraits de palmier de Floride favorisent la mort cellulaire programmée des cellules prostatiques de l\' adénome. C\'est un sédatif léger, un anti-inflammatoire et un anti-oedémateux. \r\n\r\nUTILISATION EXTERNE\r\n\r\nAucune utilisation externe.\r\n\r\nINDICATIONS THÉRAPEUTIQUES USUELLES\r\n\r\nLe palmier de Floride est utilisé principalement pour soigner l\'hypertrophie bénigne de la prostate. Il permet de traiter la pollakiurie nocturne, la dysurieet l\'adénome de la prostate. \r\n\r\nAUTRES INDICATIONS THÉRAPEUTIQUES DÉMONTRÉES\r\n\r\nEn tant que sédatif, le palmier de Floride est utilisé pour traiter l\'insomnie, mais aussi les crises de toux et la bronchite.\r\n', 'palmier-floride.jpg', 'Pas d\'infos', 'Pas d\'infos', 23),
(35, 'Palmier de Floride', 'En phytothérapie, le fruit du palmier de Floride permet principalement de soigner l\' hypertrophie bénigne de la prostate. Autrefois, les Amérindiens l\'utilisaient pour soigner les troubles urinaires et les irritations des muqueuses.', 'UTILISATION INTERNE\r\n\r\nLe palmier de Floride est un antiandrogène périphérique ; il permet de traiter les troubles liés à l\'hypertrophie bénigne de la prostate. Les extraits de palmier de Floride favorisent la mort cellulaire programmée des cellules prostatiques de l\' adénome. C\'est un sédatif léger, un anti-inflammatoire et un anti-oedémateux. \r\n\r\nUTILISATION EXTERNE\r\n\r\nAucune utilisation externe.\r\n\r\nINDICATIONS THÉRAPEUTIQUES USUELLES\r\n\r\nLe palmier de Floride est utilisé principalement pour soigner l\'hypertrophie bénigne de la prostate. Il permet de traiter la pollakiurie nocturne, la dysurieet l\'adénome de la prostate. \r\n\r\nAUTRES INDICATIONS THÉRAPEUTIQUES DÉMONTRÉES\r\n\r\nEn tant que sédatif, le palmier de Floride est utilisé pour traiter l\'insomnie, mais aussi les crises de toux et la bronchite.\r\n', 'palmier-floride.jpg', 'Pas d\'infos', 'Pas d\'infos', 15),
(36, 'Saule blanc', 'Le saule blanc contient de l\'acide salicylique au niveau de son écorce, utilisé en phytothérapie pour lutter contre les douleurs inflammatoires, contre les rhumatismes, ainsi que pour abaisser le niveau de la fièvre, il est également recommandé pour ', 'UTILISATION INTERNE\r\n\r\n•	Soulage la douleur : fièvre, maux de tête, cystite, règles douloureuses, bursite, tendinite. \r\n•	Agit comme antirhumatismal : arthrite, rhumatismes dorsaux et articulaires (hanches et genoux). \r\n•	Agit comme astringent : traitement des hémorragies internes. \r\n•	Protège des troubles du sommeil : insomnie, bouffées de chaleur, sueurs nocturnes. \r\n\r\nUTILISATION EXTERNE\r\n\r\nSoigne la peau : plaies, ulcères, cors, verrues.\r\n\r\nUtilisation et posologie du saule blanc\r\n', 'saule-blanc.jpg', 'DOSAGE\r\n\r\nL\'écorce de saule blanc est utilisée sous forme de plante sèche, de gélules et d\'extraits liquides ou secs. Les produits manufacturés assurent une teneur minimale en salicine, tandis que les chatons sont fournis tels quels. \r\n\r\n- En infusion, il est recommandé de placer de 2 à 3 g d\'écorce, ou 5 g de chatons, dans une tasse d\'eau portée à ébullition. Le saule blanc doit être pris avant chaque repas de la journée, soit à quatre reprises. \r\n- En teinture, prendre 2,5 ml de celle-ci en la mélangeant avec de l\'eau, trois fois par jour, notamment pour lutter contre les rhumatismes. \r\n- Sous la forme d\'extrait fluide, prendre de 15 à 30 gouttes, trois fois par jour. Adaptez votre dosage en fonction du poids du malade et du niveau des douleurs. \r\n- En se référant au dosage en salicine, un adulte peut prendre 60 mg de salicine, entre une et quatre fois par jour, moitié moins pour un enfant ayant de 4 à 10 ans.\r\n', 'CONTRE-INDICATIONS\r\n\r\nLes contre-indications de la consommation de produits contenant de l\'écorce de saule blanc sont identiques à celles de l\'aspirine. Il faut éviter leur consommation par des personnes allergiques aux salicylates, aux anti-inflammatoires non stéroïdiens, par des personnes souffrant d\'ulcères de l\'estomac ou du duodénum ou encore par des personnes sujettes aux hémorragies. Cette plante médicinale est déconseillée également aux personnes asthmatiques, malades des reins ou souffrant de goutte et, enfin, chez les femmes enceintes ou durant l\'allaitement. \r\n\r\nINTERACTIONS AVEC DES PLANTES MÉDICINALES OU DES COMPLÉMENTS\r\n\r\nOn ne note aucune interaction avec des plantes médicinales ou des compléments. Cependant, un risque théorique existe en cas d\'utilisation avec des plantes qui fluidifient le sang. \r\n\r\nINTERACTIONS AVEC DES MÉDICAMENTS\r\n\r\nSi aucune interaction avec des médicaments n\'est notable, un risque théorique existe avec des médicaments comme l\'aspirine ou les anti-inflammatoires non stéroïdiens.\r\n\r\nEFFETS INDÉSIRABLES\r\n\r\nLes effets indésirables sont rares, même si un surdosage peut causer des réactions allergiques (urticaire, crise d\'asthme, démangeaisons) et des troubles digestifs (diarrhées, nausées). Le saule blanc est une plante anaphrodisiaque qui réduit la libido.\r\n', 29),
(37, 'Saule blanc', 'Le saule blanc contient de l\'acide salicylique au niveau de son écorce, utilisé en phytothérapie pour lutter contre les douleurs inflammatoires, contre les rhumatismes, ainsi que pour abaisser le niveau de la fièvre, il est également recommandé pour ', 'UTILISATION INTERNE\r\n\r\n•	Soulage la douleur : fièvre, maux de tête, cystite, règles douloureuses, bursite, tendinite. \r\n•	Agit comme antirhumatismal : arthrite, rhumatismes dorsaux et articulaires (hanches et genoux). \r\n•	Agit comme astringent : traitement des hémorragies internes. \r\n•	Protège des troubles du sommeil : insomnie, bouffées de chaleur, sueurs nocturnes. \r\n\r\nUTILISATION EXTERNE\r\n\r\nSoigne la peau : plaies, ulcères, cors, verrues.\r\n\r\nUtilisation et posologie du saule blanc\r\n', 'saule-blanc.jpg', 'DOSAGE\r\n\r\nL\'écorce de saule blanc est utilisée sous forme de plante sèche, de gélules et d\'extraits liquides ou secs. Les produits manufacturés assurent une teneur minimale en salicine, tandis que les chatons sont fournis tels quels. \r\n\r\n- En infusion, il est recommandé de placer de 2 à 3 g d\'écorce, ou 5 g de chatons, dans une tasse d\'eau portée à ébullition. Le saule blanc doit être pris avant chaque repas de la journée, soit à quatre reprises. \r\n- En teinture, prendre 2,5 ml de celle-ci en la mélangeant avec de l\'eau, trois fois par jour, notamment pour lutter contre les rhumatismes. \r\n- Sous la forme d\'extrait fluide, prendre de 15 à 30 gouttes, trois fois par jour. Adaptez votre dosage en fonction du poids du malade et du niveau des douleurs. \r\n- En se référant au dosage en salicine, un adulte peut prendre 60 mg de salicine, entre une et quatre fois par jour, moitié moins pour un enfant ayant de 4 à 10 ans.\r\n', 'CONTRE-INDICATIONS\r\n\r\nLes contre-indications de la consommation de produits contenant de l\'écorce de saule blanc sont identiques à celles de l\'aspirine. Il faut éviter leur consommation par des personnes allergiques aux salicylates, aux anti-inflammatoires non stéroïdiens, par des personnes souffrant d\'ulcères de l\'estomac ou du duodénum ou encore par des personnes sujettes aux hémorragies. Cette plante médicinale est déconseillée également aux personnes asthmatiques, malades des reins ou souffrant de goutte et, enfin, chez les femmes enceintes ou durant l\'allaitement. \r\n\r\nINTERACTIONS AVEC DES PLANTES MÉDICINALES OU DES COMPLÉMENTS\r\n\r\nOn ne note aucune interaction avec des plantes médicinales ou des compléments. Cependant, un risque théorique existe en cas d\'utilisation avec des plantes qui fluidifient le sang. \r\n\r\nINTERACTIONS AVEC DES MÉDICAMENTS\r\n\r\nSi aucune interaction avec des médicaments n\'est notable, un risque théorique existe avec des médicaments comme l\'aspirine ou les anti-inflammatoires non stéroïdiens.\r\n\r\nEFFETS INDÉSIRABLES\r\n\r\nLes effets indésirables sont rares, même si un surdosage peut causer des réactions allergiques (urticaire, crise d\'asthme, démangeaisons) et des troubles digestifs (diarrhées, nausées). Le saule blanc est une plante anaphrodisiaque qui réduit la libido.\r\n', 46),
(38, 'Saule blanc', 'Le saule blanc contient de l\'acide salicylique au niveau de son écorce, utilisé en phytothérapie pour lutter contre les douleurs inflammatoires, contre les rhumatismes, ainsi que pour abaisser le niveau de la fièvre, il est également recommandé pour ', 'UTILISATION INTERNE\r\n\r\n•	Soulage la douleur : fièvre, maux de tête, cystite, règles douloureuses, bursite, tendinite. \r\n•	Agit comme antirhumatismal : arthrite, rhumatismes dorsaux et articulaires (hanches et genoux). \r\n•	Agit comme astringent : traitement des hémorragies internes. \r\n•	Protège des troubles du sommeil : insomnie, bouffées de chaleur, sueurs nocturnes. \r\n\r\nUTILISATION EXTERNE\r\n\r\nSoigne la peau : plaies, ulcères, cors, verrues.\r\n\r\nUtilisation et posologie du saule blanc\r\n', 'saule-blanc.jpg', 'DOSAGE\r\n\r\nL\'écorce de saule blanc est utilisée sous forme de plante sèche, de gélules et d\'extraits liquides ou secs. Les produits manufacturés assurent une teneur minimale en salicine, tandis que les chatons sont fournis tels quels. \r\n\r\n- En infusion, il est recommandé de placer de 2 à 3 g d\'écorce, ou 5 g de chatons, dans une tasse d\'eau portée à ébullition. Le saule blanc doit être pris avant chaque repas de la journée, soit à quatre reprises. \r\n- En teinture, prendre 2,5 ml de celle-ci en la mélangeant avec de l\'eau, trois fois par jour, notamment pour lutter contre les rhumatismes. \r\n- Sous la forme d\'extrait fluide, prendre de 15 à 30 gouttes, trois fois par jour. Adaptez votre dosage en fonction du poids du malade et du niveau des douleurs. \r\n- En se référant au dosage en salicine, un adulte peut prendre 60 mg de salicine, entre une et quatre fois par jour, moitié moins pour un enfant ayant de 4 à 10 ans.\r\n', 'CONTRE-INDICATIONS\r\n\r\nLes contre-indications de la consommation de produits contenant de l\'écorce de saule blanc sont identiques à celles de l\'aspirine. Il faut éviter leur consommation par des personnes allergiques aux salicylates, aux anti-inflammatoires non stéroïdiens, par des personnes souffrant d\'ulcères de l\'estomac ou du duodénum ou encore par des personnes sujettes aux hémorragies. Cette plante médicinale est déconseillée également aux personnes asthmatiques, malades des reins ou souffrant de goutte et, enfin, chez les femmes enceintes ou durant l\'allaitement. \r\n\r\nINTERACTIONS AVEC DES PLANTES MÉDICINALES OU DES COMPLÉMENTS\r\n\r\nOn ne note aucune interaction avec des plantes médicinales ou des compléments. Cependant, un risque théorique existe en cas d\'utilisation avec des plantes qui fluidifient le sang. \r\n\r\nINTERACTIONS AVEC DES MÉDICAMENTS\r\n\r\nSi aucune interaction avec des médicaments n\'est notable, un risque théorique existe avec des médicaments comme l\'aspirine ou les anti-inflammatoires non stéroïdiens.\r\n\r\nEFFETS INDÉSIRABLES\r\n\r\nLes effets indésirables sont rares, même si un surdosage peut causer des réactions allergiques (urticaire, crise d\'asthme, démangeaisons) et des troubles digestifs (diarrhées, nausées). Le saule blanc est une plante anaphrodisiaque qui réduit la libido.\r\n', 39),
(39, 'Saule blanc', 'Le saule blanc contient de l\'acide salicylique au niveau de son écorce, utilisé en phytothérapie pour lutter contre les douleurs inflammatoires, contre les rhumatismes, ainsi que pour abaisser le niveau de la fièvre, il est également recommandé pour ', 'UTILISATION INTERNE\r\n\r\n•	Soulage la douleur : fièvre, maux de tête, cystite, règles douloureuses, bursite, tendinite. \r\n•	Agit comme antirhumatismal : arthrite, rhumatismes dorsaux et articulaires (hanches et genoux). \r\n•	Agit comme astringent : traitement des hémorragies internes. \r\n•	Protège des troubles du sommeil : insomnie, bouffées de chaleur, sueurs nocturnes. \r\n\r\nUTILISATION EXTERNE\r\n\r\nSoigne la peau : plaies, ulcères, cors, verrues.\r\n\r\nUtilisation et posologie du saule blanc\r\n', 'saule-blanc.jpg', 'DOSAGE\r\n\r\nL\'écorce de saule blanc est utilisée sous forme de plante sèche, de gélules et d\'extraits liquides ou secs. Les produits manufacturés assurent une teneur minimale en salicine, tandis que les chatons sont fournis tels quels. \r\n\r\n- En infusion, il est recommandé de placer de 2 à 3 g d\'écorce, ou 5 g de chatons, dans une tasse d\'eau portée à ébullition. Le saule blanc doit être pris avant chaque repas de la journée, soit à quatre reprises. \r\n- En teinture, prendre 2,5 ml de celle-ci en la mélangeant avec de l\'eau, trois fois par jour, notamment pour lutter contre les rhumatismes. \r\n- Sous la forme d\'extrait fluide, prendre de 15 à 30 gouttes, trois fois par jour. Adaptez votre dosage en fonction du poids du malade et du niveau des douleurs. \r\n- En se référant au dosage en salicine, un adulte peut prendre 60 mg de salicine, entre une et quatre fois par jour, moitié moins pour un enfant ayant de 4 à 10 ans.\r\n', 'CONTRE-INDICATIONS\r\n\r\nLes contre-indications de la consommation de produits contenant de l\'écorce de saule blanc sont identiques à celles de l\'aspirine. Il faut éviter leur consommation par des personnes allergiques aux salicylates, aux anti-inflammatoires non stéroïdiens, par des personnes souffrant d\'ulcères de l\'estomac ou du duodénum ou encore par des personnes sujettes aux hémorragies. Cette plante médicinale est déconseillée également aux personnes asthmatiques, malades des reins ou souffrant de goutte et, enfin, chez les femmes enceintes ou durant l\'allaitement. \r\n\r\nINTERACTIONS AVEC DES PLANTES MÉDICINALES OU DES COMPLÉMENTS\r\n\r\nOn ne note aucune interaction avec des plantes médicinales ou des compléments. Cependant, un risque théorique existe en cas d\'utilisation avec des plantes qui fluidifient le sang. \r\n\r\nINTERACTIONS AVEC DES MÉDICAMENTS\r\n\r\nSi aucune interaction avec des médicaments n\'est notable, un risque théorique existe avec des médicaments comme l\'aspirine ou les anti-inflammatoires non stéroïdiens.\r\n\r\nEFFETS INDÉSIRABLES\r\n\r\nLes effets indésirables sont rares, même si un surdosage peut causer des réactions allergiques (urticaire, crise d\'asthme, démangeaisons) et des troubles digestifs (diarrhées, nausées). Le saule blanc est une plante anaphrodisiaque qui réduit la libido.\r\n', 43),
(40, 'Saule blanc', 'Le saule blanc contient de l\'acide salicylique au niveau de son écorce, utilisé en phytothérapie pour lutter contre les douleurs inflammatoires, contre les rhumatismes, ainsi que pour abaisser le niveau de la fièvre, il est également recommandé pour ', 'UTILISATION INTERNE\r\n\r\n•	Soulage la douleur : fièvre, maux de tête, cystite, règles douloureuses, bursite, tendinite. \r\n•	Agit comme antirhumatismal : arthrite, rhumatismes dorsaux et articulaires (hanches et genoux). \r\n•	Agit comme astringent : traitement des hémorragies internes. \r\n•	Protège des troubles du sommeil : insomnie, bouffées de chaleur, sueurs nocturnes. \r\n\r\nUTILISATION EXTERNE\r\n\r\nSoigne la peau : plaies, ulcères, cors, verrues.\r\n\r\nUtilisation et posologie du saule blanc\r\n', 'saule-blanc.jpg', 'DOSAGE\r\n\r\nL\'écorce de saule blanc est utilisée sous forme de plante sèche, de gélules et d\'extraits liquides ou secs. Les produits manufacturés assurent une teneur minimale en salicine, tandis que les chatons sont fournis tels quels. \r\n\r\n- En infusion, il est recommandé de placer de 2 à 3 g d\'écorce, ou 5 g de chatons, dans une tasse d\'eau portée à ébullition. Le saule blanc doit être pris avant chaque repas de la journée, soit à quatre reprises. \r\n- En teinture, prendre 2,5 ml de celle-ci en la mélangeant avec de l\'eau, trois fois par jour, notamment pour lutter contre les rhumatismes. \r\n- Sous la forme d\'extrait fluide, prendre de 15 à 30 gouttes, trois fois par jour. Adaptez votre dosage en fonction du poids du malade et du niveau des douleurs. \r\n- En se référant au dosage en salicine, un adulte peut prendre 60 mg de salicine, entre une et quatre fois par jour, moitié moins pour un enfant ayant de 4 à 10 ans.\r\n', 'CONTRE-INDICATIONS\r\n\r\nLes contre-indications de la consommation de produits contenant de l\'écorce de saule blanc sont identiques à celles de l\'aspirine. Il faut éviter leur consommation par des personnes allergiques aux salicylates, aux anti-inflammatoires non stéroïdiens, par des personnes souffrant d\'ulcères de l\'estomac ou du duodénum ou encore par des personnes sujettes aux hémorragies. Cette plante médicinale est déconseillée également aux personnes asthmatiques, malades des reins ou souffrant de goutte et, enfin, chez les femmes enceintes ou durant l\'allaitement. \r\n\r\nINTERACTIONS AVEC DES PLANTES MÉDICINALES OU DES COMPLÉMENTS\r\n\r\nOn ne note aucune interaction avec des plantes médicinales ou des compléments. Cependant, un risque théorique existe en cas d\'utilisation avec des plantes qui fluidifient le sang. \r\n\r\nINTERACTIONS AVEC DES MÉDICAMENTS\r\n\r\nSi aucune interaction avec des médicaments n\'est notable, un risque théorique existe avec des médicaments comme l\'aspirine ou les anti-inflammatoires non stéroïdiens.\r\n\r\nEFFETS INDÉSIRABLES\r\n\r\nLes effets indésirables sont rares, même si un surdosage peut causer des réactions allergiques (urticaire, crise d\'asthme, démangeaisons) et des troubles digestifs (diarrhées, nausées). Le saule blanc est une plante anaphrodisiaque qui réduit la libido.\r\n', 42),
(41, 'Trèfle rouge', 'Le trèfle rouge est une plante fourragère qui est depuis longtemps appréciée pour ses vertus diurétiques, sédatives et antitussives. Elle est aussi utilisée pour atténuer les symptômes liés à la ménopause.', 'UTILISATION INTERNE\r\n\r\nLe trèfle rouge a des propriétés phyto-oestrogéniques, mais c\'est aussi un dépuratif, un diurétique, un antitussif, un cholérétique et un antispasmodique. \r\n\r\nUTILISATION EXTERNE\r\n\r\nProtection solaire, soins des dermites et de l\' eczéma.\r\n\r\nPrécautions d\'emploi du trèfle rouge\r\n\r\nIl n\'y a pas de précaution particulière aux doses recommandées. \r\n\r\nUtilisation et posologie du trèfle rouge\r\n', 'trefle-rouge.jpg', 'DOSAGE\r\n\r\nPour calmer les démangeaisons cutanées, soulager les effets de la ménopause... En infusion : faire bouillir pendant quinze minutes 4 g de fleurs séchées dans 250 ml d\'eau ; boire de 2 à 3 tasses par jour. En capsules de 500 mg : de 4 à 8 capsules par jour. En extraits fluides, 1 ml trois fois par jour. En teinture mère, de 40 à 80 gouttes à ingérer de deux à trois fois par jour.\r\n\r\nPrécautions d\'emploi du trèfle rouge\r\n\r\nIl n\'y a pas de précaution particulière aux doses recommandées.\r\n', 'CONTRE-INDICATIONS\r\n\r\nLe trèfle rouge est contre-indiqué aux femmes enceintes, qui allaitent ou qui ont eu un cancer du sein. \r\n\r\nINTERACTIONS AVEC DES MÉDICAMENTS\r\n\r\nLe trèfle rouge ne doit pas être utilisé en même temps que des anticoagulants.\r\n', 57),
(42, 'Trèfle rouge', 'Le trèfle rouge est une plante fourragère qui est depuis longtemps appréciée pour ses vertus diurétiques, sédatives et antitussives. Elle est aussi utilisée pour atténuer les symptômes liés à la ménopause.', 'UTILISATION INTERNE\r\n\r\nLe trèfle rouge a des propriétés phyto-oestrogéniques, mais c\'est aussi un dépuratif, un diurétique, un antitussif, un cholérétique et un antispasmodique. \r\n\r\nUTILISATION EXTERNE\r\n\r\nProtection solaire, soins des dermites et de l\' eczéma.\r\n\r\nPrécautions d\'emploi du trèfle rouge\r\n\r\nIl n\'y a pas de précaution particulière aux doses recommandées. \r\n\r\nUtilisation et posologie du trèfle rouge\r\n', 'trefle-rouge.jpg', 'DOSAGE\r\n\r\nPour calmer les démangeaisons cutanées, soulager les effets de la ménopause... En infusion : faire bouillir pendant quinze minutes 4 g de fleurs séchées dans 250 ml d\'eau ; boire de 2 à 3 tasses par jour. En capsules de 500 mg : de 4 à 8 capsules par jour. En extraits fluides, 1 ml trois fois par jour. En teinture mère, de 40 à 80 gouttes à ingérer de deux à trois fois par jour.\r\n\r\nPrécautions d\'emploi du trèfle rouge\r\n\r\nIl n\'y a pas de précaution particulière aux doses recommandées.\r\n', 'CONTRE-INDICATIONS\r\n\r\nLe trèfle rouge est contre-indiqué aux femmes enceintes, qui allaitent ou qui ont eu un cancer du sein. \r\n\r\nINTERACTIONS AVEC DES MÉDICAMENTS\r\n\r\nLe trèfle rouge ne doit pas être utilisé en même temps que des anticoagulants.\r\n', 38),
(43, 'Verveine', 'Connue et utilisée depuis l\'Antiquité, à la fois pour ses vertus thérapeutiques que pour ses pouvoirs prétendument surnaturels l\'action bénéfique de la verveine officinale, verveine sauvage, porte sur les sphères digestive et inflammatoire. Dans le p', 'UTILISATION EXTERNE\r\n\r\nContre les affections de la peau : peaux atopiques, érythèmes fessiers ou solaires, crevasses, gerçures, piqûres d\'insectes, contusions et foulures. \r\n\r\nINDICATIONS THÉRAPEUTIQUES USUELLES\r\n\r\nTroubles digestifs (digestion difficile, stimulation de l\'estomac), vertiges, migraines, douleurs articulaires et rhumatismes, ecchymoses et douleurs à la suite de chocs traumatiques.\r\n', 'verveine.jpg', 'Utilisation et posologie de la verveine officinale\r\n\r\nLa verveine officinale s\'utilise sous différentes formes. \r\n- La préparation la plus simple consiste à verser de l\'eau bouillante sur 1,5 g de verveine coupée puis de filtrer après cinq à dix minutes. La verveine officinale peut aussi se conseiller en bain de bouche en cas d\'ulcères buccaux. \r\n- L\'huile essentielle de verveine officinale est fabriquée par un processus de distillation par entraînement à la vapeur. Quatre à cinq kilos de feuilles et tiges de verveine produisent 10 ml d\'huile essentielle. En usage interne, la posologie est de 2 à 6 gouttes, deux fois par jour, dans 250 ml d\'eau chaude. En usage externe, elle est utilisée en onctions locales pures (2 gouttes le long de la colonne vertébrale, sur le plexus solaire ou la face interne des poignets) ou en onctions diluées dans une huile végétale. \r\n- Les gélules à 100% de plante dosées à 1 380 mg se prennent à raison de 3 à 6 gélules par jour. \r\n- Sous forme de teinture mère, à raison de 30 à 50 gouttes par prise, la plante est préconisée pour lutter contre les troubles nerveux.\r\n', 'Précautions d\'emploi de la verveine officinale\r\n\r\nLa verveine officinale est utilisée couramment, sans que des effets toxiques graves aient été signalés. Il est néanmoins recommandé de consulter son médecin, car de nombreuses contre-indications existent. \r\n\r\nCONTRE-INDICATIONS\r\n\r\nEu égard à ses composants, il convient d\'utiliser la plante avec prudence chez les personnes présentant une insuffisance hépatique, suivant des traitements anticoagulants, ayant des problèmes de tension (soit une faible pression, soit prenant des médicaments contre l\' hypertension artérielle), souffrant d\'anémie, de troubles gastro-intestinaux ou de troubles neurologiques. La plante ne doit pas non plus être utilisée par les femmes enceintes ou qui allaitent. \r\n\r\nEFFETS INDÉSIRABLES\r\n\r\nLes effets les plus fréquents de la verveine officinale se rapportent à ses propriétés allergènes et, dans cette hypothèse, il est recommandé de ne pas en ingérer. Elle interagit ainsi avec des enzymes du foie qui modifient le métabolisme des médicaments. En ce qui concerne la sphère gastro-intestinale, les iridoïdes présents dans la plante peuvent provoquer la contraction des muscles de l\'intestin. Des dermatites ou allergies anaphylactiques sont aussi possibles au contact de la plante.\r\n', 1),
(44, 'Verveine', 'Connue et utilisée depuis l\'Antiquité, à la fois pour ses vertus thérapeutiques que pour ses pouvoirs prétendument surnaturels l\'action bénéfique de la verveine officinale, verveine sauvage, porte sur les sphères digestive et inflammatoire. Dans le p', 'UTILISATION EXTERNE\r\n\r\nContre les affections de la peau : peaux atopiques, érythèmes fessiers ou solaires, crevasses, gerçures, piqûres d\'insectes, contusions et foulures. \r\n\r\nINDICATIONS THÉRAPEUTIQUES USUELLES\r\n\r\nTroubles digestifs (digestion difficile, stimulation de l\'estomac), vertiges, migraines, douleurs articulaires et rhumatismes, ecchymoses et douleurs à la suite de chocs traumatiques.\r\n', 'verveine.jpg', 'Utilisation et posologie de la verveine officinale\r\n\r\nLa verveine officinale s\'utilise sous différentes formes. \r\n- La préparation la plus simple consiste à verser de l\'eau bouillante sur 1,5 g de verveine coupée puis de filtrer après cinq à dix minutes. La verveine officinale peut aussi se conseiller en bain de bouche en cas d\'ulcères buccaux. \r\n- L\'huile essentielle de verveine officinale est fabriquée par un processus de distillation par entraînement à la vapeur. Quatre à cinq kilos de feuilles et tiges de verveine produisent 10 ml d\'huile essentielle. En usage interne, la posologie est de 2 à 6 gouttes, deux fois par jour, dans 250 ml d\'eau chaude. En usage externe, elle est utilisée en onctions locales pures (2 gouttes le long de la colonne vertébrale, sur le plexus solaire ou la face interne des poignets) ou en onctions diluées dans une huile végétale. \r\n- Les gélules à 100% de plante dosées à 1 380 mg se prennent à raison de 3 à 6 gélules par jour. \r\n- Sous forme de teinture mère, à raison de 30 à 50 gouttes par prise, la plante est préconisée pour lutter contre les troubles nerveux.\r\n', 'Précautions d\'emploi de la verveine officinale\r\n\r\nLa verveine officinale est utilisée couramment, sans que des effets toxiques graves aient été signalés. Il est néanmoins recommandé de consulter son médecin, car de nombreuses contre-indications existent. \r\n\r\nCONTRE-INDICATIONS\r\n\r\nEu égard à ses composants, il convient d\'utiliser la plante avec prudence chez les personnes présentant une insuffisance hépatique, suivant des traitements anticoagulants, ayant des problèmes de tension (soit une faible pression, soit prenant des médicaments contre l\' hypertension artérielle), souffrant d\'anémie, de troubles gastro-intestinaux ou de troubles neurologiques. La plante ne doit pas non plus être utilisée par les femmes enceintes ou qui allaitent. \r\n\r\nEFFETS INDÉSIRABLES\r\n\r\nLes effets les plus fréquents de la verveine officinale se rapportent à ses propriétés allergènes et, dans cette hypothèse, il est recommandé de ne pas en ingérer. Elle interagit ainsi avec des enzymes du foie qui modifient le métabolisme des médicaments. En ce qui concerne la sphère gastro-intestinale, les iridoïdes présents dans la plante peuvent provoquer la contraction des muscles de l\'intestin. Des dermatites ou allergies anaphylactiques sont aussi possibles au contact de la plante.\r\n', 3),
(45, 'Verveine', 'Connue et utilisée depuis l\'Antiquité, à la fois pour ses vertus thérapeutiques que pour ses pouvoirs prétendument surnaturels l\'action bénéfique de la verveine officinale, verveine sauvage, porte sur les sphères digestive et inflammatoire. Dans le p', 'UTILISATION EXTERNE\r\n\r\nContre les affections de la peau : peaux atopiques, érythèmes fessiers ou solaires, crevasses, gerçures, piqûres d\'insectes, contusions et foulures. \r\n\r\nINDICATIONS THÉRAPEUTIQUES USUELLES\r\n\r\nTroubles digestifs (digestion difficile, stimulation de l\'estomac), vertiges, migraines, douleurs articulaires et rhumatismes, ecchymoses et douleurs à la suite de chocs traumatiques.\r\n', 'verveine.jpg', 'Utilisation et posologie de la verveine officinale\r\n\r\nLa verveine officinale s\'utilise sous différentes formes. \r\n- La préparation la plus simple consiste à verser de l\'eau bouillante sur 1,5 g de verveine coupée puis de filtrer après cinq à dix minutes. La verveine officinale peut aussi se conseiller en bain de bouche en cas d\'ulcères buccaux. \r\n- L\'huile essentielle de verveine officinale est fabriquée par un processus de distillation par entraînement à la vapeur. Quatre à cinq kilos de feuilles et tiges de verveine produisent 10 ml d\'huile essentielle. En usage interne, la posologie est de 2 à 6 gouttes, deux fois par jour, dans 250 ml d\'eau chaude. En usage externe, elle est utilisée en onctions locales pures (2 gouttes le long de la colonne vertébrale, sur le plexus solaire ou la face interne des poignets) ou en onctions diluées dans une huile végétale. \r\n- Les gélules à 100% de plante dosées à 1 380 mg se prennent à raison de 3 à 6 gélules par jour. \r\n- Sous forme de teinture mère, à raison de 30 à 50 gouttes par prise, la plante est préconisée pour lutter contre les troubles nerveux.\r\n', 'Précautions d\'emploi de la verveine officinale\r\n\r\nLa verveine officinale est utilisée couramment, sans que des effets toxiques graves aient été signalés. Il est néanmoins recommandé de consulter son médecin, car de nombreuses contre-indications existent. \r\n\r\nCONTRE-INDICATIONS\r\n\r\nEu égard à ses composants, il convient d\'utiliser la plante avec prudence chez les personnes présentant une insuffisance hépatique, suivant des traitements anticoagulants, ayant des problèmes de tension (soit une faible pression, soit prenant des médicaments contre l\' hypertension artérielle), souffrant d\'anémie, de troubles gastro-intestinaux ou de troubles neurologiques. La plante ne doit pas non plus être utilisée par les femmes enceintes ou qui allaitent. \r\n\r\nEFFETS INDÉSIRABLES\r\n\r\nLes effets les plus fréquents de la verveine officinale se rapportent à ses propriétés allergènes et, dans cette hypothèse, il est recommandé de ne pas en ingérer. Elle interagit ainsi avec des enzymes du foie qui modifient le métabolisme des médicaments. En ce qui concerne la sphère gastro-intestinale, les iridoïdes présents dans la plante peuvent provoquer la contraction des muscles de l\'intestin. Des dermatites ou allergies anaphylactiques sont aussi possibles au contact de la plante.\r\n', 34);
INSERT INTO `Plante` (`idPlante`, `Nom`, `Description`, `Bienfait`, `Photo`, `Posologie`, `Avertissement`, `id_Symptome`) VALUES
(46, 'Immortelle', 'Comme son nom l\'indique, l\'immortelle, même cueillie, ne se fane pas. Son odeur caractéristique confère aux territoires sur lesquels elle pousse une identité particulièrement marquée. Utilisée sous des formes diverses, l\'immortelle a bien des vertus,', 'UTILISATION INTERNE\r\n\r\nPermet de lutter contre la dyspepsie (en tisane) : brûlures d\'estomac et autres régurgitations. \r\n\r\nUTILISATION EXTERNE\r\n\r\nAppliquée sous forme de crème ou d\'huile essentielle, l\'immortelle atténue les hématomes ou les brûlures et favorise la disparition de la couperose et des varices. En lotion, elle préserve la peau des affections acnéiques.\r\n\r\nINDICATIONS THÉRAPEUTIQUES USUELLES\r\nDyspepsie, hématomes, troubles de la circulation, varices, affections cutanées (eczéma, acné), arthrite, rhumatismes, décongestion des voies aériennes. \r\n\r\nAUTRES INDICATIONS THÉRAPEUTIQUES DÉMONTRÉES\r\n\r\nL\'immortelle est également connue pour ses vertus cicatrisantes et antispasmodiques. Décongestionnante, l\'immortelle est un antidouleur et un anti-inflammatoire.\r\n', 'immortelle.jpg', 'DOSAGE\r\n\r\nSous la forme d\'huile essentielle, l\'immortelle est souvent diluée dans une autre huile végétale, de type huile d\' argan . \r\n\r\n- Pour effectuer un massage à base d\'huile essentielle d\'immortelle, diluer 2 ou 3 gouttes dans de l\'huile d\'argan et appliquer sur la zone à traiter, pour diminuer les hématomes, les varices ou bien encore une rosacée. \r\n- Dans le bain, diluer environ 10 gouttes. \r\n- Utiliser environ 10 gouttes également dans le cas d\'une utilisation en diffuseur. \r\n- Pour une inhalation, mettre quelques gouttes dans un bol d\'eau chaude (pas plus de 5 gouttes) ou bien en application sur un mouchoir. \r\n- En infusion, jeter une poignée de fleurs dans une casserole d\'eau. Laisser reposer avant de placer la préparation au réfrigérateur. \r\n- À utiliser en lotion plusieurs fois par semaine, comme traitement antiacnéique.\r\n', 'CONTRE-INDICATIONS\r\n\r\nL\'utilisation de l\'immortelle est déconseillée pendant la grossesse et les périodes d\'allaitement. Elle n\'est pas recommandée chez les jeunes enfants, pas plus que chez les individus souffrant d\'une obstruction des voies biliairesou prenant un traitement anticoagulant. \r\n\r\nEFFETS INDÉSIRABLES\r\n\r\nPas d\'effet indésirable relevé.\r\n', 53),
(47, 'Immortelle', 'Comme son nom l\'indique, l\'immortelle, même cueillie, ne se fane pas. Son odeur caractéristique confère aux territoires sur lesquels elle pousse une identité particulièrement marquée. Utilisée sous des formes diverses, l\'immortelle a bien des vertus,', 'UTILISATION INTERNE\r\n\r\nPermet de lutter contre la dyspepsie (en tisane) : brûlures d\'estomac et autres régurgitations. \r\n\r\nUTILISATION EXTERNE\r\n\r\nAppliquée sous forme de crème ou d\'huile essentielle, l\'immortelle atténue les hématomes ou les brûlures et favorise la disparition de la couperose et des varices. En lotion, elle préserve la peau des affections acnéiques.\r\n\r\nINDICATIONS THÉRAPEUTIQUES USUELLES\r\nDyspepsie, hématomes, troubles de la circulation, varices, affections cutanées (eczéma, acné), arthrite, rhumatismes, décongestion des voies aériennes. \r\n\r\nAUTRES INDICATIONS THÉRAPEUTIQUES DÉMONTRÉES\r\n\r\nL\'immortelle est également connue pour ses vertus cicatrisantes et antispasmodiques. Décongestionnante, l\'immortelle est un antidouleur et un anti-inflammatoire.\r\n', 'immortelle.jpg', 'DOSAGE\r\n\r\nSous la forme d\'huile essentielle, l\'immortelle est souvent diluée dans une autre huile végétale, de type huile d\' argan . \r\n\r\n- Pour effectuer un massage à base d\'huile essentielle d\'immortelle, diluer 2 ou 3 gouttes dans de l\'huile d\'argan et appliquer sur la zone à traiter, pour diminuer les hématomes, les varices ou bien encore une rosacée. \r\n- Dans le bain, diluer environ 10 gouttes. \r\n- Utiliser environ 10 gouttes également dans le cas d\'une utilisation en diffuseur. \r\n- Pour une inhalation, mettre quelques gouttes dans un bol d\'eau chaude (pas plus de 5 gouttes) ou bien en application sur un mouchoir. \r\n- En infusion, jeter une poignée de fleurs dans une casserole d\'eau. Laisser reposer avant de placer la préparation au réfrigérateur. \r\n- À utiliser en lotion plusieurs fois par semaine, comme traitement antiacnéique.\r\n', 'CONTRE-INDICATIONS\r\n\r\nL\'utilisation de l\'immortelle est déconseillée pendant la grossesse et les périodes d\'allaitement. Elle n\'est pas recommandée chez les jeunes enfants, pas plus que chez les individus souffrant d\'une obstruction des voies biliairesou prenant un traitement anticoagulant. \r\n\r\nEFFETS INDÉSIRABLES\r\n\r\nPas d\'effet indésirable relevé.\r\n', 57),
(48, 'Immortelle', 'Comme son nom l\'indique, l\'immortelle, même cueillie, ne se fane pas. Son odeur caractéristique confère aux territoires sur lesquels elle pousse une identité particulièrement marquée. Utilisée sous des formes diverses, l\'immortelle a bien des vertus,', 'UTILISATION INTERNE\r\n\r\nPermet de lutter contre la dyspepsie (en tisane) : brûlures d\'estomac et autres régurgitations. \r\n\r\nUTILISATION EXTERNE\r\n\r\nAppliquée sous forme de crème ou d\'huile essentielle, l\'immortelle atténue les hématomes ou les brûlures et favorise la disparition de la couperose et des varices. En lotion, elle préserve la peau des affections acnéiques.\r\n\r\nINDICATIONS THÉRAPEUTIQUES USUELLES\r\nDyspepsie, hématomes, troubles de la circulation, varices, affections cutanées (eczéma, acné), arthrite, rhumatismes, décongestion des voies aériennes. \r\n\r\nAUTRES INDICATIONS THÉRAPEUTIQUES DÉMONTRÉES\r\n\r\nL\'immortelle est également connue pour ses vertus cicatrisantes et antispasmodiques. Décongestionnante, l\'immortelle est un antidouleur et un anti-inflammatoire.\r\n', 'immortelle.jpg', 'DOSAGE\r\n\r\nSous la forme d\'huile essentielle, l\'immortelle est souvent diluée dans une autre huile végétale, de type huile d\' argan . \r\n\r\n- Pour effectuer un massage à base d\'huile essentielle d\'immortelle, diluer 2 ou 3 gouttes dans de l\'huile d\'argan et appliquer sur la zone à traiter, pour diminuer les hématomes, les varices ou bien encore une rosacée. \r\n- Dans le bain, diluer environ 10 gouttes. \r\n- Utiliser environ 10 gouttes également dans le cas d\'une utilisation en diffuseur. \r\n- Pour une inhalation, mettre quelques gouttes dans un bol d\'eau chaude (pas plus de 5 gouttes) ou bien en application sur un mouchoir. \r\n- En infusion, jeter une poignée de fleurs dans une casserole d\'eau. Laisser reposer avant de placer la préparation au réfrigérateur. \r\n- À utiliser en lotion plusieurs fois par semaine, comme traitement antiacnéique.\r\n', 'CONTRE-INDICATIONS\r\n\r\nL\'utilisation de l\'immortelle est déconseillée pendant la grossesse et les périodes d\'allaitement. Elle n\'est pas recommandée chez les jeunes enfants, pas plus que chez les individus souffrant d\'une obstruction des voies biliairesou prenant un traitement anticoagulant. \r\n\r\nEFFETS INDÉSIRABLES\r\n\r\nPas d\'effet indésirable relevé.\r\n', 60),
(49, 'Immortelle', 'Comme son nom l\'indique, l\'immortelle, même cueillie, ne se fane pas. Son odeur caractéristique confère aux territoires sur lesquels elle pousse une identité particulièrement marquée. Utilisée sous des formes diverses, l\'immortelle a bien des vertus,', 'UTILISATION INTERNE\r\n\r\nPermet de lutter contre la dyspepsie (en tisane) : brûlures d\'estomac et autres régurgitations. \r\n\r\nUTILISATION EXTERNE\r\n\r\nAppliquée sous forme de crème ou d\'huile essentielle, l\'immortelle atténue les hématomes ou les brûlures et favorise la disparition de la couperose et des varices. En lotion, elle préserve la peau des affections acnéiques.\r\n\r\nINDICATIONS THÉRAPEUTIQUES USUELLES\r\nDyspepsie, hématomes, troubles de la circulation, varices, affections cutanées (eczéma, acné), arthrite, rhumatismes, décongestion des voies aériennes. \r\n\r\nAUTRES INDICATIONS THÉRAPEUTIQUES DÉMONTRÉES\r\n\r\nL\'immortelle est également connue pour ses vertus cicatrisantes et antispasmodiques. Décongestionnante, l\'immortelle est un antidouleur et un anti-inflammatoire.\r\n', 'immortelle.jpg', 'DOSAGE\r\n\r\nSous la forme d\'huile essentielle, l\'immortelle est souvent diluée dans une autre huile végétale, de type huile d\' argan . \r\n\r\n- Pour effectuer un massage à base d\'huile essentielle d\'immortelle, diluer 2 ou 3 gouttes dans de l\'huile d\'argan et appliquer sur la zone à traiter, pour diminuer les hématomes, les varices ou bien encore une rosacée. \r\n- Dans le bain, diluer environ 10 gouttes. \r\n- Utiliser environ 10 gouttes également dans le cas d\'une utilisation en diffuseur. \r\n- Pour une inhalation, mettre quelques gouttes dans un bol d\'eau chaude (pas plus de 5 gouttes) ou bien en application sur un mouchoir. \r\n- En infusion, jeter une poignée de fleurs dans une casserole d\'eau. Laisser reposer avant de placer la préparation au réfrigérateur. \r\n- À utiliser en lotion plusieurs fois par semaine, comme traitement antiacnéique.\r\n', 'CONTRE-INDICATIONS\r\n\r\nL\'utilisation de l\'immortelle est déconseillée pendant la grossesse et les périodes d\'allaitement. Elle n\'est pas recommandée chez les jeunes enfants, pas plus que chez les individus souffrant d\'une obstruction des voies biliairesou prenant un traitement anticoagulant. \r\n\r\nEFFETS INDÉSIRABLES\r\n\r\nPas d\'effet indésirable relevé.\r\n', 58),
(50, 'Immortelle', 'Comme son nom l\'indique, l\'immortelle, même cueillie, ne se fane pas. Son odeur caractéristique confère aux territoires sur lesquels elle pousse une identité particulièrement marquée. Utilisée sous des formes diverses, l\'immortelle a bien des vertus,', 'UTILISATION INTERNE\r\n\r\nPermet de lutter contre la dyspepsie (en tisane) : brûlures d\'estomac et autres régurgitations. \r\n\r\nUTILISATION EXTERNE\r\n\r\nAppliquée sous forme de crème ou d\'huile essentielle, l\'immortelle atténue les hématomes ou les brûlures et favorise la disparition de la couperose et des varices. En lotion, elle préserve la peau des affections acnéiques.\r\n\r\nINDICATIONS THÉRAPEUTIQUES USUELLES\r\nDyspepsie, hématomes, troubles de la circulation, varices, affections cutanées (eczéma, acné), arthrite, rhumatismes, décongestion des voies aériennes. \r\n\r\nAUTRES INDICATIONS THÉRAPEUTIQUES DÉMONTRÉES\r\n\r\nL\'immortelle est également connue pour ses vertus cicatrisantes et antispasmodiques. Décongestionnante, l\'immortelle est un antidouleur et un anti-inflammatoire.\r\n', 'immortelle.jpg', 'DOSAGE\r\n\r\nSous la forme d\'huile essentielle, l\'immortelle est souvent diluée dans une autre huile végétale, de type huile d\' argan . \r\n\r\n- Pour effectuer un massage à base d\'huile essentielle d\'immortelle, diluer 2 ou 3 gouttes dans de l\'huile d\'argan et appliquer sur la zone à traiter, pour diminuer les hématomes, les varices ou bien encore une rosacée. \r\n- Dans le bain, diluer environ 10 gouttes. \r\n- Utiliser environ 10 gouttes également dans le cas d\'une utilisation en diffuseur. \r\n- Pour une inhalation, mettre quelques gouttes dans un bol d\'eau chaude (pas plus de 5 gouttes) ou bien en application sur un mouchoir. \r\n- En infusion, jeter une poignée de fleurs dans une casserole d\'eau. Laisser reposer avant de placer la préparation au réfrigérateur. \r\n- À utiliser en lotion plusieurs fois par semaine, comme traitement antiacnéique.\r\n', 'CONTRE-INDICATIONS\r\n\r\nL\'utilisation de l\'immortelle est déconseillée pendant la grossesse et les périodes d\'allaitement. Elle n\'est pas recommandée chez les jeunes enfants, pas plus que chez les individus souffrant d\'une obstruction des voies biliairesou prenant un traitement anticoagulant. \r\n\r\nEFFETS INDÉSIRABLES\r\n\r\nPas d\'effet indésirable relevé.\r\n', 42),
(51, 'Eucalyptus', 'Sur un plan médicinal, l\'eucalyptus présente de nombreuses vertus. Expectorant, antiseptique et astringent, cet arbre, venu d\'Australie, permet de lutter contre les inflammations des voies respiratoires et digestives. Ses feuilles constituent un bon ', 'UTILISATION INTERNE\r\n\r\n•	Expectorant et fluidifiant : l\'eucalyptus est utilisé pour traiter les bronchites, la toux, les pneumonies et, d\'une manière générale, toutes les infections des voies pulmonaires. \r\n•	Antiseptique : il soulage les personnes fiévreuses et traite l\'état grippal. Très bon désinfectant des voies urinaires. \r\n•	Astringent et antispasmodique : action stomachique sur les inflammations des muqueuses de l\'appareil digestif et de l\'intestin ; très bon remède contre la dyspepsie atonique. Apaise les maux de gorge. \r\n•	Traitant bouffées de chaleur et palpitations, l\'arbre au koala est un bon allié pour les femmes, lors de la ménopause. \r\n\r\nUTILISATION EXTERNE\r\n\r\nEn diffusion ou en fumigation, l\' huile essentielle d\'eucalyptus traite les infections respiratoires. En inhalation, il calme les rhinites et les sinusites, mais aide aussi à lutter contre l\'asthme. Il est également possible de procéder à un massage du plexus solaire, pour lutter contre la toux. L\'eucalyptus agit encore contre les rhumatismes et les migraines. La teinture peut être utilisée pour désinfecter des plaies, les ulcères de la peau ou les brûlures superficielles.\r\n\r\nINDICATIONS THÉRAPEUTIQUES USUELLES\r\n\r\nInflammations des voies respiratoires, digestives et urinaires, asthme, état grippal, toux, bronchite, rhume, sinusite, rhinite, maux de gorge. \r\n\r\nAUTRES INDICATIONS THÉRAPEUTIQUES DÉMONTRÉES\r\n\r\nDésinfection des plaies, traitement des bouffées de chaleur et des palpitations dues à la ménopause, migraines, névralgies, douleurs rhumatismales.\r\n\r\nUtilisation et posologie de l\'eucalyptus\r\n', 'eucalyptus.jpg', 'DOSAGE\r\n- Une tisane d\'eucalyptus se prépare avec 3 ou 4 feuilles, infusées dix minutes dans une tasse d\'eau bouillante. On peut en boire jusqu\'à 3 tasses par jour, en cas de bronchite. \r\n- La teinture comprend 1 dose de feuilles pour 5 doses d\'alcool à 40 ou 50 , macérées durant une semaine. Il est possible d\'en boire 1 cuillère à café, diluée dans 100 ml d\'eau, 2 fois par jour, en cas d\' encombrement bronchique. La teinture s\'utilise aussi en frictions. \r\n- Un rhume, une sinusite ou une rhinite peuvent se soigner avec une inhalation de 3 ou 4 gouttes d\'huile essentielle d\'eucalyptus, diluées dans un grand bol d\'eau bouillante. En diffusion dans l\'atmosphère, l\'huile essentielle aide également à prévenir les infections respiratoires et autres maux de l\'hiver.\r\n', 'CONTRE-INDICATIONS\r\n\r\nL\'eucalyptus, et particulièrement son huile essentielle, est contre-indiqué aux femmes enceintes ou allaitantes, comme aux enfants en bas âge. \r\n\r\nEFFETS INDÉSIRABLES\r\n\r\nDans de rares cas, l\'utilisation de l\'eucalyptus peut provoquer des nausées, des vomissements ou des diarrhées. Ces effets indésirables sont toujours passagers.\r\n', 38);